event_type,event_stage,p,target_rel,channels,subject,summary,assessment,image,icon,tags,sound_id,implementation notes
food_shortage,possible,,,player_intel,$market $atOrOn 식량 부족 가능성,"차단된 통신 및 기타 소식으로 얻은 정보 분석 결과, $market에서 수 주 내 식량 부족이 발생할 가능성이 높습니다.",부족이 발생할 경우 $market $atOrOn 식량 가격 상승 및 안정도 감소.,,graphics/icons/markets/food_shortage.png,,,
food_shortage,likely,,,player_intel,$market $atOrOn 식량 부족 임박,이 보고서는 $market에서 식량 부족이 거의 확실하게 발생할 것임을 나타냅니다.,$market에 충분한 식량을 신속히 공급하면 부족의 지속 시간과 영향을 줄일 수 있습니다.,,graphics/icons/markets/food_shortage.png,,,
food_shortage,likely,0.5,HOSTILE,hegemony_internal,$market $atOrOn 식량 부족 임박,이 보고서는 $market에서 식량 부족이 거의 확실하게 발생할 것임을 나타냅니다.,$market에 충분한 식량을 신속히 공급하면 부족의 지속 시간과 영향을 줄일 수 있습니다.,,graphics/icons/markets/food_shortage.png,,,
food_shortage,likely,0.5,FRIENDLY,hegemony_internal,$market $atOrOn 식량 부족 임박,이 보고서는 $market에서 식량 부족이 거의 확실하게 발생할 것임을 나타냅니다.,$market에 충분한 식량을 신속히 공급하면 부족의 지속 시간과 영향을 줄일 수 있습니다.,,graphics/icons/markets/food_shortage.png,,,
food_shortage,start,,,news,$market $atOrOn 식량 부족 발생,$market $atOrOn 식량 부족이 발생했습니다.,$market $atOrOn 식량 가격 상승. 안정도 $stabilityPenalty 감소.,,graphics/icons/markets/food_shortage.png,prices,,
food_shortage,start,0.25,HOSTILE,hegemony_public,$market $atOrOn 식량 부족 발생,$market $atOrOn 식량 부족이 발생했습니다.,$market $atOrOn 식량 가격 상승. 안정도 $stabilityPenalty 감소.,,graphics/icons/markets/food_shortage.png,prices,,
food_shortage,start,0.25,SELF,hegemony_public,$market $atOrOn 식량 부족 발생,$market $atOrOn 식량 부족이 발생했습니다.,$market $atOrOn 식량 가격 상승. 안정도 $stabilityPenalty 감소.,,graphics/icons/markets/food_shortage.png,prices,,
food_shortage,warning_relief,,,player_intel,$market $atOrOn 식량 구호 함대,$market $atOrOn 식량 부족을 해소하기 위한 구호 함대가 파견될 예정입니다.,구호 함대를 차단하면 부족 상황이 악화됩니다.,,graphics/icons/markets/food_shortage.png,,,
food_shortage,warning_relief,0.5,HOSTILE,"hegemony_internal,
tritachyon_internal,
sindrian_diktat_internal",$market $atOrOn 식량 구호 함대,$market $atOrOn 식량 부족을 해소하기 위한 구호 함대가 파견될 예정입니다.,구호 함대를 차단하면 부족 상황이 악화됩니다.,,graphics/icons/markets/food_shortage.png,,,
food_shortage,warning_relief,0.5,FRIENDLY,"hegemony_internal,
tritachyon_internal,
sindrian_diktat_internal",$market $atOrOn 식량 구호 함대,$market $atOrOn 식량 부족을 해소하기 위한 구호 함대가 파견될 예정입니다.,구호 함대를 차단하면 부족 상황이 악화됩니다.,,graphics/icons/markets/food_shortage.png,,,
food_shortage,relief_sent,,,news,$market $onOrAt 식량 부족: $reliefMarket에서 구호 함대 출발,"$reliefSystem 성계의 $reliefMarket에서 구호 함대가 출발했으며, $eta $marketSystem에 도착할 예정입니다.",함대는 식량 부족을 끝낼 만큼 충분한 식량을 싣고 있습니다. 예정대로 도착하지 못하면 $market의 상황은 더 불안정해질 것입니다.,,graphics/icons/markets/food_shortage.png,,,
food_shortage,relief_unavailable,,,news,$market $onOrAt 식량 부족: 상황 악화,"초기에는 인근 행성이 구호를 보낼 수 있다는 관측이 있었지만, 그런 지원은 오지 않을 것으로 보입니다.",불안정도가 $stabilityPenaltyRelief 증가했습니다.,,graphics/icons/markets/food_shortage.png,prices,,
food_shortage,relief_aborted,,,news,$market $onOrAt 식량 부족: 구호 함대 철수,$reliefMarket에서 출발한 구호 함대가 $market으로 향하던 중 공격을 받아 큰 손실을 입고 철수했습니다. 식량 부족은 계속되고 있습니다.,불안정도가 $stabilityPenaltyRelief 증가했습니다.,,graphics/icons/markets/food_shortage.png,prices,,
food_shortage,end_relief_arrived,,,news,$market $onOrAt 식량 부족: 구호 함대 도착,"$reliefMarket에서 출발한 구호 함대가 도착했으며, $market $onOrAt 식량 부족이 끝났습니다.",불안정도가 $stabilityPenaltyEnd 증가했습니다. $market $onOrAt 식량 가격은 정상 수준으로 돌아왔습니다.,,graphics/icons/markets/food_shortage.png,prices,,
food_shortage,relief_lost,,,news,$market $onOrAt 식량 부족: 구호 함대 실종,"$reliefMarket에서 출발한 구호 함대가 목적지에 도착하지 못했으며, 식량 부족은 계속되고 있습니다.",불안정도가 $stabilityPenaltyRelief 증가했습니다.,,graphics/icons/markets/food_shortage.png,prices,,
food_shortage,end_expired,,,news,$market $onOrAt 식량 부족 종료,"보고에 따르면 $market $onOrAt 식량 부족은 이제 끝났습니다. 엄격한 배급, 폭동 진압 조치, 여러 독립 상인의 도착 등 다양한 요인이 부족 사태를 끝낸 것으로 평가됩니다.",불안정도가 $stabilityPenaltyExpire 증가했습니다. $market $onOrAt 식량 가격은 정상 수준으로 돌아왔습니다.,,graphics/icons/markets/food_shortage.png,prices,,
food_shortage,end_player,,,news,$market $onOrAt 식량 부족 종료,"보고에 따르면 $market $onOrAt 식량 부족은 이제 끝났습니다. $playerName이 지휘한 구호 함대의 도착이 부족 사태를 끝낸 주요 원인으로 평가되지만, 현지 행정관도 자신의 공로를 빠르게 강조했습니다.",불안정도가 $stabilityPenaltyEnd 증가했습니다. $market $onOrAt 식량 가격은 정상 수준으로 돌아왔습니다.,,graphics/icons/markets/food_shortage.png,prices,,
food_shortage,end_player_black,,,news,$market $onOrAt 식량 부족 종료,"보고에 따르면 $market $onOrAt 식량 부족은 이제 끝났습니다. 안타깝게도 식량 구호 배분의 상당 부분을 범죄 조직이 장악하면서, 그들의 입지가 강화되고 현지 당국은 재정적으로나 주민 신뢰 면에서 약화되었습니다.",불안정도가 $stabilityPenaltyEndBlack 증가했습니다. $market $onOrAt 식량 가격은 정상 수준으로 돌아왔습니다.,,graphics/icons/markets/food_shortage.png,,,
food_shortage,end_player_fast,,,news,$market $onOrAt 식량 부족 종료,보고에 따르면 $market $onOrAt 식량 부족은 이제 끝났습니다. $playerName이 지휘한 구호 함대가 적시에 도착해 부족 사태를 빠르게 끝내고 장기 피해를 줄인 것으로 평가됩니다.,$market $onOrAt 불안정도 증가는 없습니다. $market $onOrAt 식량 가격은 정상 수준으로 돌아왔습니다.,,graphics/icons/markets/food_shortage.png,prices,,
,,,,,,,,,,,,
,,,,,,,,,,,,
# player smuggling investigation,,,,,,,,,,,,
investigation_smuggling,start_smuggling,,,secure_comm,$market $onOrAt 밀수 조사,"$market 암흑가의 연락책이 보낸 암호화 메시지에 따르면, $theMarketFaction 당국이 최근 밀수 활동에 대한 조사를 시작했습니다.",조사에서 당신의 밀수 관여가 밝혀지면 $theMarketFaction은 당신에게 적대적으로 변할 것입니다. $InvestigatorPost $investigatorName이 조사를 담당합니다. $invHimOrHer에게 연락하면 결과에 영향을 줄 수 있을지도 모릅니다. 조사는 $duration 동안 계속됩니다.,,,important,,
investigation_smuggling,clear_smuggling,,,player_intel_always,$market $onOrAt 밀수 조사 - 혐의 없음,"$marketFaction의 밀수 조사가 끝났고, 당신의 혐의는 벗겨진 것으로 보입니다. 적어도 관여를 입증할 결정적 증거는 없었습니다.",$theMarketFaction와의 관계에는 영향이 없습니다.,,,important,,
investigation_smuggling,clear_smuggling_bribe,,,player_intel_always,$market $onOrAt 밀수 조사 - 혐의 없음,"$investigatorName과의 ""특별한 합의""에 따라 $marketFaction의 밀수 조사가 마무리되었고, 당신의 평판에 남을 뻔한 이 오점은 지워졌습니다.",$InvestigatorPost $investigatorName에게 건넨 뇌물이 효과를 냈습니다. $theMarketFaction와의 관계에는 영향이 없습니다.,,,important,,
investigation_smuggling,player_guilty_smuggling,,,player_intel_always,$market $onOrAt 밀수 조사 - 유죄 판정,$marketFaction의 조사는 당신이 최근 밀수 활동에 실제로 관여했다고 결론 내렸습니다.,,,,important,,
# faction good reputation investigation,,,,,,,,,,,,
investigation_goodrep,start_goodrep,,,secure_comm,$OtherFaction와의 관계에 대한 $MarketFaction 조사,"$market $onOrAt 연락책이 보낸 암호화 메시지에 따르면, $theMarketFaction 당국이 당신과 $theOtherFactionLong의 관계에 대한 조사를 시작했습니다.",조사 결과에 따라 $TheMarketFaction은 당신에게 적대적으로 변할 수 있습니다. $market $onOrAt $InvestigatorPost $investigatorName이 조사를 담당합니다. $invHimOrHer에게 연락하면 결과에 영향을 줄 수 있을지도 모릅니다. 조사는 $duration 동안 계속됩니다.,,,important,,
investigation_goodrep,clear_goodrep,,,player_intel_always,$OtherFaction와의 관계에 대한 $MarketFaction 조사 - 혐의 없음,"$theOtherFactionLong와의 관계에 대한 $marketFaction 조사가 끝났고, $marketFaction의 이익에 반하는 행동을 했다는 혐의는 벗겨졌습니다.",$theMarketFaction와의 관계에는 영향이 없습니다.,,,important,,
investigation_goodrep,clear_goodrep_bribe,,,player_intel_always,$OtherFaction와의 관계에 대한 $MarketFaction 조사 - 혐의 없음,"$investigatorName과의 ""특별한 합의""에 따라 $theOtherFactionLong와의 관계에 대한 $marketFaction 조사가 마무리되었고, $marketFaction의 이익에 반하는 행동을 했다는 혐의는 벗겨졌습니다.",$InvestigatorPost $investigatorName에게 건넨 뇌물이 효과를 냈습니다. $theMarketFaction와의 관계에는 영향이 없습니다.,,,important,,
investigation_goodrep,player_guilty_goodrep,,,player_intel_always,$OtherFaction와의 관계에 대한 $MarketFaction 조사 - 유죄 판정,$theOtherFactionLong와의 관계에 대한 $marketFaction 조사는 당신이 $theMarketFaction의 이익에 반하는 행동을 했다고 결론 내렸습니다. 앞으로 $theMarketFaction은 당신을 특히 의심스럽게 대할 것입니다.,,,,important,,
,,,,,,,,,,,,
# comm sniffer investigation,,,,,,,,,,,,
investigation_comm_sniffer,start_comm_sniffer,,,player_intel_always,$name 통신 스니퍼와 연락 두절,$name에 설치한 통신 스니퍼가 보고를 중단했습니다. 보안 소프트웨어에 의해 제거되었을 가능성이 큽니다. 보안 로그를 수동 감사하면 스니퍼의 출처에 대한 조사가 시작될 수도 있습니다.,$name의 통신 스니퍼는 더 이상 작동하지 않습니다.,,,,,
investigation_comm_sniffer,player_guilty_comm_sniffer,,,player_intel_always,$name의 통신 스니퍼가 당신과 연결됨,"$name의 보안 로그를 철저히 감사한 결과, 보안 침해의 책임이 당신에게 돌아갔습니다.",,,,,,
,,,,,,,,,,,,
# trade disruption reports,,,,,,,,,,,,
trade_disruption,report_td,,,news,$marketSystem 성계 $market $onOrAt 무역 차질,$market을 오가는 무역 함대 중 상당수가 목적지에 도착하지 못하고 있습니다. 보고서는 해적 행위나 전쟁을 가장 유력한 원인으로 지목합니다.,"가격은 두 달 안에 정상으로 돌아갈 가능성이 큽니다. 영향을 받는 상품: $commoditySummary 자세한 내용은 ""가격""을 선택하고 지도 탭으로 전환하십시오.",,graphics/icons/markets/trade_disruption.png,prices,,
trade_disruption,report_smuggling,,,news,$marketSystem 성계 $market $onOrAt 밀수 활동,최근 밀수 활동의 영향으로 $market $onOrAt 상황이 더 불안정해졌습니다. 현지 당국은 전면 조사를 약속하고 있습니다.,안정도가 $smugglingPenalty 감소했습니다.,,graphics/icons/markets/smuggling.png,,,
trade_disruption,report_smuggling_player,,,news,$marketSystem 성계 $market $onOrAt 밀수 활동,당신이 관여한 최근 밀수 활동의 영향으로 $market $onOrAt 상황이 더 불안정해졌습니다. 현지 당국은 전면 조사를 약속하고 있습니다.,안정도가 $smugglingPenalty 감소했습니다. 당신의 최근 행동이 이 상황에 영향을 주었습니다.,,graphics/icons/markets/smuggling.png,,,
,,,,,,,,,,,,
# rep changes,,,,,,,,,,,,
rep_tracker,trade_rep,,,player_intel_always,$theFaction 관계 개선: 무역,최근 $marketList에서의 무역 활동이 $theFaction에게 긍정적으로 알려졌습니다.,,,,nomap,,
rep_tracker,smuggling_rep,,,player_intel_always,$theFaction 관계 악화: 밀수,"최근 $marketList에서의 암시장 거래가 $theFaction에게 포착된 정황이 있습니다. 확정 증거는 없지만, 이전보다 더 면밀한 감시를 받게 되었습니다.",,,,nomap,,
rep_tracker,trade_negative,,,player_intel_always,$theHostileFaction 관계 악화: $pickedMarket 무역,$pickedMarket에서의 무역 규모가 충분히 커져 $theFaction의 적대 세력인 $theHostileFaction의 주목을 받았습니다.,$hostileMarket의 관계자들이 처음 보고했습니다. 밀수가 있었다면 공개 무역보다 영향은 작았습니다.,,,nomap,,
#rep_tracker,trade_no_change,,,player_intel_always,$theFaction와의 관계는 무역의 영향을 받지 않음,"$marketList와의 최근 무역 활동은 $theFaction의 주목을 받았지만, 관계 변화로 이어지지는 않았습니다.",현재 관계 수준에서는 무역이 관계에 영향을 주지 않습니다.,,,,,
#rep_tracker,trade_no_change_negative,,,player_intel_always,$theHostileFaction와의 관계는 무역의 영향을 받지 않음,"$pickedMarket와의 최근 무역 활동은 $hostileMarket의 적대 당국의 주목을 받았지만, 관계 변화로 이어지지는 않았습니다.",현재 관계 수준에서는 무역이 관계에 영향을 주지 않습니다.,,,,,
rep_tracker,trade_xp_gain,,,player_intel_always,무역 경험 획득,"최근 거래를 통해 경제가 돌아가는 방식에 대한 감각이 늘었고, 유용한 인맥도 생겼습니다.",$xpGain 경험치 획득.,,,nomap,,
rep_tracker,rep_decay_positive,,,player_intel_always,$theFaction 관계 개선,"최근 반복된 문제가 없다면, 사소한 무례나 충돌은 시간이 지나며 잊히기 마련입니다.",,,,nomap,,
#rep_tracker,rep_decay_negative,,,player_intel_always,$theFaction와의 관계 하락,사소한 무례나 작은 호의는 최근 행동 패턴으로 굳어지지 않는 한 빠르게 잊히기 마련입니다.,,,,,,
rep_tracker,battle_rep_positive,,,secure_comm,$theFaction 관계 개선,$otherFleetName와의 전투가 $market의 $theFaction 관계자들에게 보고되었습니다.,전투 소식은 $market의 관계자들이 처음 포착했습니다.,,,nomap,,
rep_tracker,comm_access_granted,,,player_intel_always,$Faction 보안 통신 접근 허가,좋은 평판($factionStanding) 덕분에 $market의 당국이 내부 $Faction 통신 채널 접근을 허가했습니다.,,,,nomap,,
rep_tracker,comm_access_revoked,,,player_intel_always,$Faction 보안 통신 접근 철회,평판이 낮아져($factionStanding) 내부 $Faction 통신 채널 접근 권한이 철회되었습니다.,,,,nomap,,
,,,,,,,,,,,,
# trade info updates (prices etc),,,,,,,,,,,,
trade_info,prices_market,,,player_intel_always,$market 가격 정보 갱신,"현지 통신망을 엿들은 결과, $market에서 비정상적인 가격을 보이는 일부 상품 정보를 얻었습니다.",$priceList,,,prices,,
trade_info,prices_local,,,player_intel_always,현지 가격 정보 갱신,현지 통신 트래픽과 이용 가능한 다른 자료를 분석해 성계 내 시장의 일부 상품 가격 정보를 얻었습니다.,$priceList,,,prices,,
trade_info,prices_sniffer,,,player_intel_always,가격 정보 갱신,$relayName의 통신 스니퍼가 보낸 짧은 전송에는 $fromSystem 성계의 일부 상품 가격 정보가 들어 있습니다.,$priceList,,,prices,,
trade_info,prices_remote,,,player_intel_always,가격 정보 갱신,현지 통신 트래픽과 이용 가능한 다른 자료를 분석해 $fromSystem 성계의 일부 상품 가격 정보를 얻었습니다.,$priceList,,,prices,,
,,,,,,,,,,,,
# customs inspection,,,,,,,,,,,,
customs_inspection,player_evaded,,,player_intel_always,세관 검사,"세관 검사를 피하는 데는 일단 성공했지만, $faction 당국은 이를 기록해 두었습니다.",,,,,,
,,,,,,,,,,,,
,,,,,,,,,,,,
# system-wide bounty reports,,,,,,,,,,,,
system_bounty,likely,,,player_intel,$market 현상금 공고 가능성,$market 당국이 $theMarketFaction에 적대적인 모든 함대에 대한 현상금 공고를 검토 중이라는 소문이 있습니다.,,,,,,
system_bounty,start,,,news,$system 현상금 공고,$system에서 활동하는 해적에 대한 현상금이 공고되었습니다.,현상금 사냥으로 수익 창출 가능.,,,,,
system_bounty,start_with_faction,,,news,$market 현상금 공고,"$market 당국은 지속적인 습격, 무역 방해, 준전시 상태에 지쳐 $theMarketFaction에 적대적인 모든 함대에 현상금을 공고했습니다.","기간: $daysLeft일. $enemyFaction 활동이 원인일 가능성이 높습니다. 지급액은 파괴한 함선에 따라 달라지며, $theMarketFaction와의 관계도 개선될 수 있습니다. 함선은 성계 내부 또는 인근 초공간에서 파괴되거나 무력화되어야 합니다. 보상은 인근 통신 중계소를 통해 보안 통신 채널로 지급됩니다.",,,,,
system_bounty,bounty_payment,,,secure_comm,$market 현상금 지급: $bountyCredits 크레딧,메시지에는 $bountyCredits 크레딧 지급금이 담긴 암호화 첨부 파일이 포함되어 있습니다.,$bountyCredits 크레딧을 획득했습니다. $market은 앞으로 $daysLeft일 동안 현상금을 계속 공고합니다.,,graphics/icons/intel/gain_credits.png,nomap,,
system_bounty,bounty_payment_share,,,secure_comm,$market 현상금 배분: $bountyCredits 크레딧,메시지에는 당신의 현상금 몫인 $bountyCredits 크레딧이 담긴 암호화 첨부 파일이 포함되어 있습니다.,$bountyCredits 크레딧을 획득했습니다. $market은 앞으로 $daysLeft일 동안 현상금을 계속 공고합니다.,,graphics/icons/intel/gain_credits.png,nomap,,
system_bounty,bounty_no_payment,,,player_intel_always,$market 현상금 평가,메시지에는 $market에서 공고 중인 현상금에 관한 내부 정보 보고서가 포함되어 있습니다.,$theMarketFaction 측이 당신에게 $factionStanding 상태이므로 현상금이 지급되지 않습니다. $market은 앞으로 $daysLeft일 동안 현상금을 계속 공고합니다.,,,nomap,,
system_bounty,bounty_no_rep,,,player_intel_always,$market 현상금 평가,메시지에는 $market에서 공고 중인 현상금에 관한 내부 정보 보고서가 포함되어 있습니다.,$theMarketFaction 측이 당신에게 $factionStanding 상태이므로 현상금 지급이나 관계 개선이 없습니다. $market은 앞으로 $daysLeft일 동안 현상금을 계속 공고합니다.,,,nomap,,
system_bounty,end,,,news,$system 현상금 종료,$system의 현상금 공고가 종료되었습니다.,추가 현상금 지급은 없습니다.,,,nomap,,
,,,,,,,,,,,,
comm_sniffer,report,,,player_comm_sniffer,통신 스니퍼 데이터,첨부 파일에는 $system 성계를 오가는 각종 메시지 트래픽 덤프가 들어 있습니다. 사람이 작성한 메시지와 자동화된 메시지가 모두 포함되어 있습니다.,해당 성계의 향후 사건을 정확히 예측할 가능성이 높아집니다.,,,,,
,,,,,,,,,,,,
# person bounty reports,,,,,,,,,,,,
person_bounty,start_pirate,,,news,$theFaction: $targetName 현상금 $bountyCredits 크레딧,$market의 $Faction 당국은 악명 높은 해적인 $targetName에게 현상금을 공고했습니다.,$bountyCredits 크레딧 보상. 인근 통신 중계소를 통해 보안 통신 채널로 지급됩니다. 기간: $daysLeft일. $targetDesc 소문에 따르면 $hideoutCrumb,,,,,
person_bounty,start_deserter,,,news,$theFaction: $targetName 현상금 $bountyCredits 크레딧,$market의 $Faction 당국은 탈주 혐의를 받는 $targetName에게 현상금을 공고했습니다.,$bountyCredits 크레딧 보상. 인근 통신 중계소를 통해 보안 통신 채널로 지급됩니다. 기간: $daysLeft일. $targetDesc 소문에 따르면 $hideoutCrumb,,,,,
person_bounty,bounty_payment_end,,,secure_comm,$theFaction 현상금 지급: $bountyCredits 크레딧,메시지에는 $targetName을 처단한 대가로 지급된 $bountyCredits 크레딧이 암호화 첨부 파일로 들어 있습니다.,$bountyCredits 크레딧 획득.,,graphics/icons/intel/gain_credits.png,nomap,,
person_bounty,bounty_payment_share_end,,,secure_comm,$theFaction 현상금 지급: $bountyCredits 크레딧,메시지에는 $targetName을 처단한 대가로 지급된 현상금 중 당신의 몫인 $bountyCredits 크레딧이 암호화 첨부 파일로 들어 있습니다.,$bountyCredits 크레딧 획득.,,graphics/icons/intel/gain_credits.png,nomap,,
person_bounty,bounty_no_payment_end,,,player_intel_always,$targetName 현상금 관련 평가,메시지에는 $targetName 현상금에 관한 내부 정보 보고서가 들어 있습니다.,$theFaction의 당신에 대한 관계가 $factionStanding 상태이므로 현상금은 지급되지 않습니다.,,,nomap,,
person_bounty,bounty_no_rep_end,,,player_intel_always,$targetName 현상금 관련 평가,메시지에는 $targetName 현상금에 관한 내부 정보 보고서가 들어 있습니다.,$theFaction의 당신에 대한 관계가 $factionStanding 상태이므로 현상금 지급이나 관계 개선은 없습니다.,,,nomap,,
person_bounty,other_end,,,news,$targetName 현상금 종료,보고에 따르면 $targetName은 현상금 의뢰와 무관한 사건으로 사망했습니다.,이 현상금은 더 이상 제공되지 않습니다.,,,nomap,,
person_bounty,expire_end,,,news,$targetName 현상금 종료,$market $onOrAt $Faction 당국이 이전에 게시했던 $targetName 현상금을 철회했습니다.,이 현상금은 더 이상 제공되지 않습니다.,,,nomap,,
,,,,,,,,,,,,
# test mission,,,,,,,,,,,,
test_mission,start,,,player_intel_always,테스트 임무,테스트 임무가 시작되었습니다.,보상이 지급될 가능성은 낮습니다.,,,,,
test_mission,end_success,,,player_intel_always,테스트 임무 성공,테스트 임무가 성공적으로 완료되었습니다.,,,,,,
test_mission,end_failure,,,player_intel_always,테스트 임무 실패,테스트 임무가 실패했습니다.,,,,,,
,,,,,,,,,,,,
# market procurement mission,,,,,,,,,,,,
market_procurement,posting,,,posting,$quantity 단위의 $commodity을(를) 확보해 $daysLeft 내에 $market에 납품하면 $rewardCredits를 지급합니다.,납품을 완료하려면 $market의 $contactDesc $contactName에게 연락하십시오.,기본 지급액은 단위당 $perUnit입니다. $market은 $marketFaction 당국이 통제합니다. $contactName $contactDetail.,,,no_system_prefix,,
market_procurement,posting_bonus,,,posting,$quantity 단위의 $commodity을(를) 확보해 $daysLeft 내에 $market에 납품하면 $rewardCredits를 지급합니다. $bonusDays 내에 납품하면 $bonusCredits 보너스가 지급됩니다.,납품을 완료하려면 $market의 $contactDesc $contactName에게 연락하십시오.,기본 지급액은 단위당 $perUnit입니다. $market은 $marketFaction 당국이 통제합니다. $contactName $contactDetail.,,,,,
market_procurement,accept,,,secure_comm,수락됨: $quantity 단위의 $commodity을(를) 확보해 $market에 납품,$quantity 단위의 $commodity을(를) 확보해 $market에 납품하십시오. 납품을 완료하려면 $market의 $contactDesc $contactName에게 연락하십시오.,완료까지 $daysLeft 남았습니다. 보상은 $rewardCredits이며 단위당 $perUnit입니다. $market은 $marketFaction 당국이 통제합니다. $contactName $contactDetail.,,,"no_system_prefix, important",,
market_procurement,accept_bonus,,,secure_comm,수락됨: $quantity 단위의 $commodity을(를) 확보해 $market에 납품,$quantity 단위의 $commodity을(를) 확보해 $market에 납품하십시오. 납품을 완료하려면 $market의 $contactDesc $contactName에게 연락하십시오.,완료까지 $daysLeft 남았습니다. 보상은 $rewardCredits이며 단위당 $perUnit입니다. $bonusDays 내에 납품하면 $bonusCredits 보너스가 지급됩니다. $market은 $marketFaction 당국이 통제합니다. $contactName $contactDetail.,,,"no_system_prefix, important",,
market_procurement,success,,,player_intel_always,완료됨: $quantity 단위의 $commodity을(를) $market에 납품,임무를 성공적으로 완료했습니다.,$actualReward를 획득했습니다.,,,"no_system_prefix, important",,
market_procurement,success_bonus,,,player_intel_always,완료됨: $quantity 단위의 $commodity을(를) $market에 납품,임무를 성공적으로 완료했습니다.,$bonusCredits 보너스를 포함해 $actualReward를 획득했습니다.,,,"no_system_prefix, important",,
market_procurement,failure,,,player_intel_always,실패: $quantity 단위의 $commodity을(를) 제때 $market에 납품하지 못함,임무 실패 - 마감 시간을 넘겼습니다.,,,,"no_system_prefix, important",,
,,,,,,,,,,,,
# analyze entity mission,,,,,,,,,,,,
analyze_entity,posting,,,posting,$daysLeft 내에 $systemName의 $entityName에서 제공된 센서 패키지를 실행하면 $rewardCredits를 지급합니다.,센서 패키지를 실행하는 즉시 임무가 완료된 것으로 간주되며 보상이 게시됩니다.,$locationHint,,,no_system_prefix,,
analyze_entity,accept,,,secure_comm,수락됨: $systemName의 $entityName에서 센서 패키지 실행,보상은 $rewardCredits이며 $daysLeft 내에 완료해야 합니다. 센서 패키지를 실행하는 즉시 임무가 완료된 것으로 간주되며 보상이 게시됩니다.,$locationHint,,,"no_system_prefix, important",,
analyze_entity,failure,,,player_intel_always,실패: $systemName의 $entityName에서 센서 패키지 실행,임무 실패 - 마감 시간을 넘겼습니다.,,,,"no_system_prefix, important",,
analyze_entity,success,,,player_intel_always,완료됨: $systemName의 $entityName에서 센서 패키지 실행,임무를 성공적으로 완료했습니다.,$rewardCredits를 획득했습니다.,,,"no_system_prefix, important",,
,,,,,,,,,,,,
# survey planet mission,,,,,,,,,,,,
survey_planet,posting,,,posting,$daysLeft 내에 $systemName의 $planetName에서 전체 탐사를 수행하면 $rewardCredits를 지급합니다.,탐사 완료 즉시 임무가 완료된 것으로 간주되며 보상이 게시됩니다.,$surveyInfo,,,no_system_prefix,,
survey_planet,accept,,,secure_comm,수락됨: $systemName의 $planetName 전체 탐사,보상은 $rewardCredits이며 $daysLeft 내에 완료해야 합니다. 탐사 완료 즉시 임무가 완료된 것으로 간주되며 보상이 게시됩니다.,$surveyInfo,,,"no_system_prefix, important",,
survey_planet,failure,,,player_intel_always,실패: $systemName의 $planetName 전체 탐사,임무 실패 - 마감 시간을 넘겼습니다.,,,,"no_system_prefix, important",,
survey_planet,success,,,player_intel_always,완료됨: $systemName의 $planetName 전체 탐사,임무를 성공적으로 완료했습니다.,$rewardCredits를 획득했습니다.,,,"no_system_prefix, important",,
,,,,,,,,,,,,
# tutorial mission,,,,,,,,,,,,
tutorial_mission,start,,,secure_comm,튜토리얼 임무,튜토리얼 임무가 시작되었습니다.,,,,"no_system_prefix, important",,
tutorial_mission,sneak_start,,,player_intel_always,데린쿠유에서 점프 포인트 데이터 확보,"원시 점프 포인트 판독값을 확보하려면 데린쿠유 채굴 기지의 $dataContactName에게 연락하십시오. 데린쿠유의 광부들이 해적화되었으므로 트랜스폰더를 끈 상태로 접촉해야 하며, 그렇지 않으면 함대가 공격받습니다.","탐지를 피하려면 '어둠 속으로'를 사용하고, 발견되면 '비상 연소'로 이탈하십시오.",,,"no_system_prefix, important",,
tutorial_mission,sneak_end,,,player_intel_always,데이터를 가지고 안키라로 귀환,점프 포인트 데이터를 전달하려면 안키라로 돌아가 $mainContactPost $mainContactLastName에게 연락하십시오.,,,,"no_system_prefix, important",,
tutorial_mission,salvage_core_start,,,player_intel_always,표류 잔해에서 AI 코어 인양,"점프 포인트 데이터를 분석하려면 AI 코어가 필요합니다. 폰투스 궤도 밖에는 도메인 시대 탐사 프로브가 있습니다. 인양하면 감마 AI 코어를 얻을 가능성이 높으며, 이 임무에는 충분할 것입니다.","폰투스로 이동한 뒤 소행성대 방향으로 나아가 활성 센서 버스트를 사용해 프로브를 찾으십시오. 접근해 인양하거나, 잔해로 만든 뒤 파편 지대에서 수거하십시오. 먼저 자동 방어 시스템을 제압해야 할 가능성이 큽니다.",,,"no_system_prefix, important",,
tutorial_mission,salvage_core_end,,,player_intel_always,AI 코어를 가지고 안키라로 귀환,AI 코어를 전달하려면 안키라로 돌아가 $mainContactPost $mainContactLastName에게 연락하십시오.,,,,"no_system_prefix, important",,
tutorial_mission,ship_recovery_start,,,player_intel_always,테트라 주변의 표류 함선 회수,테트라 주변 함선 묘지로 가서 가능한 한 많은 함선을 회수하십시오. 회수한 함선을 운용할 추가 승무원과 전투 준비도 복구를 도울 추가 보급품을 준비하십시오.,,,,"no_system_prefix, important",,
tutorial_mission,ship_recovery_end,,,player_intel_always,안키라로 돌아가 회수 함선 무장 정비,회수한 함선에 무기를 장착하는 데 도움을 받으려면 안키라의 $mainContactPost $mainContactLastName에게 돌아가십시오.,,,,"no_system_prefix, important",,
tutorial_mission,stabilize_jump_point,,,player_intel_always,성계 내부 점프 포인트 안정화,AI 코어가 생성한 하이퍼파 시퀀스를 사용해 성계 내부 점프 포인트를 안정화하십시오. 먼저 이를 지키는 해적을 물리쳐야 합니다.,,,,"no_system_prefix, important",,
tutorial_mission,stabilize_jump_point_done,,,player_intel_always,안키라로 돌아가 성공 보고,"갈라티아와 하이퍼공간의 연결이 복구되었고, 무역 함대가 다시 성계에 출입할 수 있게 되었습니다. 데린쿠유 지도부는 다시 법의 편에 서고자 하는 일반 광부들에 의해 곧 축출될 가능성이 큽니다.",,,,"no_system_prefix, important",,
tutorial_mission,deliver_message,,,player_intel_always,코르부스 성계 장갈라에 보고서 전달,$MainContactRank $mainContactLastName은 최근 사건을 상세히 적은 보고서를 장갈라의 $jangalaContactPost $jangalaContactLastName에게 전달하라고 지시했습니다. 항해를 성공적으로 마칠 충분한 연료를 확보하십시오.,,,,"no_system_prefix, important",,
tutorial_mission,end,,,player_intel_always,보고서 전달 완료,보고서를 전달했으며 헤게모니와의 관계가 크게 향상되었습니다.,,,,"no_system_prefix, important",,
,,,,,,,,,,,,
# faction commission,,,,,,,,,,,,
faction_commission,posting,,,posting,"대부분의 군용 시장 구매에 필요하며, 위임 보유자에게 적대적으로 변할 해당 세력의 적을 처치하면 소액 현상금을 지급합니다.",현상금은 적 호위함 기준 $baseBounty 크레딧에서 시작해 더 큰 함선일수록 증가합니다. 위임 보유자의 $theFaction 평판이 중립 아래로 떨어지면 취소됩니다.,,,,important,,
faction_commission,accept,,,secure_comm,$Faction 위임 수락,"대부분의 군용 시장 구매에 필요하며, 위임 보유자에게 적대적으로 변할 해당 세력의 적을 처치하면 소액 현상금을 지급합니다.",현상금은 적 호위함 기준 $baseBounty 크레딧에서 시작해 더 큰 함선일수록 증가합니다. 위임 보유자의 $theFaction 평판이 중립 아래로 떨어지면 취소됩니다.,,,important,,
faction_commission,become_hostile,,,secure_comm,$otherFaction 적대화,$theFaction 위임을 수락했기 때문에 $theOtherFactionLong이 당신에게 적대적으로 변했습니다.,,,,"important, nomap",,
faction_commission,bounty_payment,,,secure_comm,$theFaction 지급금: $bountyCredits 크레딧,메시지에는 $theFaction의 적과 싸운 대가로 지급되는 $bountyCredits 크레딧이 담긴 암호화 첨부 파일이 포함되어 있습니다. 최근 $enemyDesc와의 전투 비행 기록 데이터를 참조하고 있습니다.,$bountyCredits 크레딧을 획득했습니다.,,graphics/icons/intel/gain_credits.png,nomap,,
faction_commission,annul,,,secure_comm,$theFaction 위임 취소,메시지는 평판 부족으로 인해 당신의 위임을 취소한다는 $theFaction의 공식 통신문입니다.,평판이 개선되면 다른 위임을 수락할 수 있습니다.,,,"important, nomap",,
faction_commission,rep_drop_hostile,,,secure_comm,$theOtherFaction 관련 $Faction 통지,"$theFaction의 공식 통신문입니다. 당신이 $theOtherFaction과 적대 행위를 벌였다는 보고에 대해 해명을 요구하며, $theOtherFaction $otherFactionIsOrAre $theFaction의 적이 아니라는 점을 강하게 상기시키고 있습니다.",$theFaction과 $theOtherFaction 사이에 공개 적대 행위가 발생할 수 있습니다.,,,nomap,,
,,,,,,,,,,,,
# faction hostility,,,,,,,,,,,,
faction_hostility,warning,,,secure_comm,$theOneFaction - $theTwoFaction 적대 임박,$theCommissionFaction으로부터 경고를 받았습니다. $theOtherFaction과의 냉전 상태가 수 주 안에 공개 적대 행위로 번질 가능성이 매우 높습니다.,$commissionFaction 위임을 보유하고 있으므로 $TheOtherFaction이 당신에게 적대적으로 변합니다. 적대 행위가 끝나면 $theOtherFaction과의 관계는 대부분 복구됩니다.,,graphics/icons/intel/faction_conflict.png,important,,
faction_hostility,start,,,news,$sourceFaction - $targetFaction 적대 행위 시작,$sourceFaction이 $targetFaction에 대한 공개 적대 행위를 시작했습니다.,$sourceFaction 및 $targetFaction 관련 무역과 이동에 영향.,,graphics/icons/intel/faction_conflict.png,important,,
faction_hostility,end,,,news,$sourceFaction - $targetFaction 적대 행위 종료,$sourceFaction과 $targetFaction 간의 적대 행위가 종료되었습니다.,무역 및 이동 정상화.,,graphics/icons/intel/faction_peace.png,important,,
,,,,,,,,,,,,
# civil disorder,,,,,,,,,,,,
civil_disorder,possible1,,,player_intel,$market $onOrAt 시민 소요 가능성,몇 주 안에 $market $onOrAt 시민 소요가 발생할 가능성을 보여 주는 징후가 있습니다.,$market $onOrAt 생산량이 감소했습니다.,,,,,
civil_disorder,possible2,,,news,$market $onOrAt 시민 소요 가능성,$market $onOrAt 저명한 지식인이 $rulingfaction을 비판하는 성명을 발표한 뒤 곧 체포되었습니다. $rulingfaction 관계자들은 논평하지 않았습니다.,$market $onOrAt 시민 소요 징후가 증가했습니다.,,,,,
civil_disorder,possible3,,,news,$market $onOrAt 시민 소요 가능성,$market $onOrAt 현지 $rulingFaction 행정 본부 앞에서 시위가 열렸습니다. 당국이 군중을 해산시키는 과정에서 여러 명이 사망했습니다.,$market $onOrAt 시민 소요 징후가 증가했습니다.,,,,,various factions may comment on this event
civil_disorder,possible3,,HOSTILE,"tritachyon_public,
hegemony_public",$market $onOrAt 시민 소요 가능성,$faction은 $market $onOrAt 시위에 대한 $rulingFaction의 불필요하게 가혹한 진압을 비난하는 성명을 발표했습니다.,$market $onOrAt 시민 소요 징후가 증가했습니다.,,,,,possible reaction to the above event
civil_disorder,possible3,,FRIENDLY,"tritachyon_public,
hegemony_public",$market $onOrAt 시민 소요 가능성,"$faction은 $market $onOrAt 벌어지는 시위를 비난하고, 시위 지도부가 $rulingFaction 당국에 자수할 것을 촉구하는 성명을 발표했습니다.",$market $onOrAt 시민 소요 징후가 증가했습니다.,,,,,possible reaction to the above event
civil_disorder,possible4,,,news,$market $onOrAt 시민 소요 가능성,$market $onOrAt 현지 $rulingfaction 당국은 여러 명의 주요 반정부 선동가를 체포했다고 발표했습니다.,$market $onOrAt 시민 소요 징후가 증가했습니다.,,,,,
civil_disorder,likely,,,player_intel,$market $atOrOn 민중 봉기 임박,$market에서 대규모 시민 불안이 임박했습니다.,$market의 안정도를 높이면 봉기를 예방할 수 있습니다.,,,,,
civil_disorder,start1,,,news,$market $onOrAt 시민 소요,$market $onOrAt 총파업이 발생했습니다. $rulingfaction 관계자들은 일부 반정부 주동자의 행동을 비난하는 성명을 발표했습니다. ,$market $onOrAt 생산량이 감소했습니다.,,,,,
civil_disorder,start2,,,news,$market $onOrAt 시민 소요,$market $onOrAt $rulingparty 시설을 겨냥한 연쇄 폭탄 테러가 발생했습니다. 당국은 범인들을 반드시 처벌하겠다는 공식 성명을 발표했습니다.,$market $onOrAt 생산량이 감소했습니다.,,,,,
civil_disorder,start3,,,news,$market $onOrAt 시민 소요,$market $onOrAt 사보타주로 주요 생산 시설들이 가동을 멈췄습니다.,$market $onOrAt 생산량이 감소했습니다.,,,,,
civil_disorder,ending1,,,news,,시민 소요를 진압하기 위해 $market $onOrAt 계엄령이 선포되었습니다.,생산량은 곧 정상 수준으로 돌아갈 가능성이 큽니다.,,,,,
civil_disorder,ending2,,,news,,$market $onOrAt $rulingfaction 관계자들은 여러 야권 은신처를 급습했다고 발표했습니다. 이어진 총격전으로 수십 명의 사상자가 발생했습니다.,생산량은 곧 정상 수준으로 돌아갈 가능성이 큽니다.,,,,,
civil_disorder,ending3,,,news,,시민 소요를 진압하기 위해 $market $onOrAt 주요 인구 밀집 지역에 해병대가 배치되었습니다.,생산량은 곧 정상 수준으로 돌아갈 가능성이 큽니다.,,,,,
civil_disorder,ending4,,,news,,$market $onOrAt $rulingFaction과 야권 지도자들 사이에 협상이 시작되었습니다.,생산량은 곧 정상 수준으로 돌아갈 가능성이 큽니다.,,,,,
civil_disorder,end1,,,news,,$market에 평화가 돌아오면서 계엄령이 해제되었습니다.,생산량이 정상 수준으로 돌아왔습니다.,,,,,
civil_disorder,end2,,,news,,$market에 평화가 돌아오면서 주요 인구 밀집 지역에서 해병대가 철수했습니다.,생산량이 정상 수준으로 돌아왔습니다.,,,,,
,,,,,,,,,,,,
,,,,,,,,,,,,
sindria_terrorists,likely,,,sindrian_diktat_internal,신드리아 테러 공격 가능성,정보에 따르면 테러리스트들이 불법 무기 은닉고를 확보했으며 이를 정부 목표물에 사용할 의도를 보이고 있습니다.,신드리아 생산량 감소 가능성이 높습니다.,,,,,precursor to terrorist attacks
sindria_terrorists,start1,,,news,신드리아 테러 공격,"라이온의 군사적 승리를 기념하는 공공 기념물이 한밤중 폭탄 공격으로 파괴되었고, 독재정 관리들은 즉시 이를 규탄했습니다. 주요 군집 도시에 임시 통금령이 내려졌고 보안 순찰이 강화되었습니다.",신드리아 생산량 감소.,,,,,start option 1
sindria_terrorists,start2,,,news,신드리아 테러 공격,신드리아 주요 산업 중심지에서 여러 폭탄이 발견되어 해체되었습니다. 행성 전역의 시설이 폐쇄되어 폭탄 수색을 받고 있습니다. 독재정 관리는 범인 추적을 위한 특별 태스크포스 구성을 발표했습니다.,신드리아 생산량 감소.,,,,,start option 2
sindria_terrorists,start3,,,news,신드리아 테러 공격,신드리아에서 독재정 행정 사무소를 노린 연쇄 폭탄 공격이 발생했습니다. 독재정 관리들은 성명을 통해 테러리스트들이 신속히 정의의 심판을 받게 될 것이라고 약속했습니다.,신드리아 생산량 감소.,,,,,start option 3
sindria_terrorists,continued1,,,news,신드리아 테러 공격,주요 군집 도시의 상층부를 여러 폭발이 뒤흔들었습니다. 테러 지도자들은 크루오르에 수감된 특정 정치범들이 독재정 당국에 의해 석방될 때까지 폭탄 공격을 계속하겠다는 홀로비드 성명을 발표했습니다.,신드리아 생산량 감소.,,,,,"may proceed through zero or more of the ""continued"" event stages before reaching one of the concluding stages."
sindria_terrorists,continued2,,,news,신드리아 테러 공격,"테러 총격범들이 오늘 독재정 해군 모병 센터를 습격했습니다. 몇 시간 동안 이어진 총격전 끝에 모두 사살되었고, 다수의 민간인 사상자가 발생했습니다. 독재정 관리들은 비겁한 행위를 규탄했습니다.",신드리아 생산량 감소.,,,,,""""
sindria_terrorists,concluding1,,,news,신드리아 테러 공격 종식 조짐,보안군이 테러 은신처를 급습했지만 이미 비어 있었습니다. 독재정 정보부 관리들은 테러리스트를 추적하는 데 도움이 될 증거를 확보했다고 주장합니다.,신드리아 생산량이 곧 정상 수준으로 돌아갑니다.,,,,,
sindria_terrorists,concluding2,,,news,신드리아 테러 공격 종식 조짐,독재정 정보부가 테러 하수인을 체포해 심문했습니다. 관리들은 테러 지도자 추적이 막바지에 이르렀다고 밝혔습니다.,신드리아 생산량이 곧 정상 수준으로 돌아갑니다.,,,,,
sindria_terrorists,end1,,,news,신드리아 테러 공격 중단,독재정 보안군이 이른 아침 기습 작전으로 여러 테러 은신처를 급습했습니다. 관리들에 따르면 부적절하게 보관된 탄약이 폭발해 생존자는 없었습니다.,신드리아 생산량이 정상으로 돌아갑니다.,,,,,
sindria_terrorists,end2,,,news,신드리아 테러 공격 중단,독재정 보안군이 신드리아를 탈출하려던 테러 지도자들을 체포했습니다. 관리들은 독재정 정보부의 심문이 끝나면 신속한 재판과 공개 처형이 있을 것이라고 밝혔습니다.,신드리아 생산량이 정상으로 돌아갑니다.,,,,,"Like a Cardassian novel, everyone arrested in Sindria is guilty - the only question remains: of what?"
