name,id,tier,rarity,tech/manufacturer,tags,uiTags,base value,unlocked,hidden,hiddenEverywhere,cost_frigate,cost_dest,cost_cruiser,cost_capital,script,desc,short,sModDesc,sprite
가속 방어막,advancedshieldemitter,0,,,"defensive, shields, merc, standard",방어막,3000,,,,3,6,9,15,data.hullmods.AcceleratedShieldEmitter,"함선의 방어막 선회 속도를 %s, 방어막 전개 속도를 %s 증가시킵니다.",쉴드의 회전 속도와 확장 속도를 증가시킵니다.,쉴드의 회전 속도와 상승 속도를 추가로 %s 증가시킵니다.,graphics/hullmods/accelerated_shields.png
적응형 위상 코일,adaptive_coils,2,,,"phase, merc, standard",위상,5000,,,,5,10,15,25,com.fs.starfarer.api.impl.hullmods.AdaptivePhaseCoils,"위상 코일은 함선의 하드 플럭스 수치가 높아질수록 일반 공간과의 연결을 유지하기 어려워지며, 코일이 추진력을 얻지 못해 최고 속도가 크게 감소합니다. 이 개조를 통해 코일이 더 높은 하드 플럭스를 처리할 수 있게 되어, 속도가 최저치에 도달하는 임계값을 %s 증가시킵니다. 다른 개조가 없는 표준 코일의 경우 임계값이 %s에서 %s로 증가합니다.",페이즈 상태일 때 하드 플럭스 수준이 최고 속도에 미치는 영향을 줄입니다.,,graphics/hullmods/phase_field.png
고급 광학장치,advancedoptics,2,,,"offensive, merc, standard",무기,1000,,,,5,10,15,25,data.hullmods.AdvancedOptics,"빔 무기의 사거리를 %s 연장하지만, 선회 속도를 %s 감소시킵니다. 통합 조준 장치와 중첩 적용됩니다.",빔 무기의 사거리를 증가시킵니다.,,graphics/hullmods/advanced_optics.png
고급 포탑 자이로,turretgyros,0,,,"defensive, merc, standard",무기,2500,,,,2,4,6,10,data.hullmods.AdvancedTurretGyros,모든 포탑의 선회 속도를 %s 증가시킵니다.,터렛의 회전 속도를 증가시킵니다.,미사일과 전투기에 대한 피해를 %s 증가시킵니다. 크기 차이마다 작은 함선에 대한 피해를 %s 증가시킵니다.,graphics/hullmods/advanced_turret_gyros.png
장갑 무기 마운트,armoredweapons,0,,,"defensive, merc, standard","무기, 방어",2500,TRUE,,,3,6,9,15,data.hullmods.ArmoredWeapons,"모든 무기의 내구도를 %s 증가시키고 반동을 %s 감소시키지만, 무기 선회 속도를 %s 감소시킵니다. 또한 함선의 장갑을 %s 증가시킵니다.","무기를 비활성화하기 어렵게 만들고, 반동을 줄입니다.",미사일이 아닌 모든 무기의 발사 속도를 %s 증가시킵니다.,graphics/hullmods/armored_weapon_emplacements.png
강습 패키지,assault_package,1,,,"defensive, civ_package, no_drop, no_drop_salvage, hide_in_codex","특수, 방어",8000,,,,3,6,9,15,com.fs.starfarer.api.impl.hullmods.AssaultPackage,"함선의 선체 강도를 %s, 장갑을 %s, 플럭스 용량을 %s 증가시킵니다. 전투에서 적에게 교전을 시도하며 전투함으로 행동합니다.","선체 내구도, 장갑, 플럭스 용량을 증가시킵니다.",,graphics/hullmods/assault_package.png
자동 수리 장치,autorepair,2,,,"engines, defensive, merc, standard",방어,7500,,,,3,6,9,15,data.hullmods.AutomatedRepairUnit,전투 중 비활성화된 무기와 엔진의 수리 시간을 %s 단축합니다.,전투 중에 무기 수리 속도를 증가시킵니다.,"수리를 %s로 줄여주며, 과부하 지속 시간을 %s로 감소시킵니다.",graphics/hullmods/automated_repair_unit.png
보조 추진기,auxiliarythrusters,1,,,"engines, merc, standard",엔진,5000,TRUE,,,4,8,12,20,data.hullmods.AuxiliaryThrusters,함선의 기동성을 %s 향상시킵니다.,기동성을 증가시킵니다.,"0-플럭스 속도 증가량을 %s 높이고, 0-플럭스 회전 속도 보너스를 %s 조정합니다.",graphics/hullmods/auxilliary_thrusters.png
탄도 거리측정기,ballistic_rangefinder,2,,,"offensive, merc, standard",무기,8000,,,,5,10,15,25,com.fs.starfarer.api.impl.hullmods.BallisticRangefinder,<스크립트에서 생성되는 툴팁>,탄도 슬롯에 장착된 소형 및 중형 무기의 기본 사거리를 증가시킵니다.,,graphics/hullmods/ballistic_rangefinder.png
방폭문,blast_doors,0,,,"defensive, merc, standard",방어,2500,TRUE,,,4,8,12,20,data.hullmods.BlastDoors,함선 내 주요 지점에 기밀 강화 격벽을 추가로 설치합니다. 선체 강도를 %s 증가시킵니다. 전투 중 선체 피해로 인한 선원 사상자를 %s 감소시킵니다.,"선체 내구도를 증가시키고, 승무원 사상자를 줄입니다.",승무원 사상자 감소량을 %s로 증가시킵니다.,graphics/hullmods/blast_doors.png
개조 격납고,converted_hangar,1,,,"special, non_phase, merc, standard",전투기,5000,,,,0,10,10,10,com.fs.starfarer.api.impl.hullmods.ConvertedHangar,<스크립트에서 생성되는 툴팁>,비 캐리어용 임시 전투기 격납고,"순양함의 경우 전투기 재생성 속도가 %s 증가하고, 주력함의 경우 %s 증가합니다. 구축함에는 추가 효과가 없습니다.",graphics/hullmods/converted_hangar.png
개조 전투기 격납구,converted_fighterbay,0,,,"req_spaceport, special, non_phase, standard","전투기, 보급, 도크 필요",3000,,,,2,4,6,10,data.hullmods.ConvertedFighterBay,"함선의 기본 내장 비행대가 있는 전투기 격납고를 임시 화물창으로 전환하여 화물 용량을 %s 추가하고, 전투기 격납고당 필요 승무원을 %s 감소시킵니다.",내장된 전투기 격납고를 임시 화물칸으로 전환합니다.,월간 유지 보수 비용이 각 전투기 격납고당 %s 만큼 감소합니다.,graphics/hullmods/converted_fighter_bay.png
전용 조준 코어,dedicated_targeting_core,0,,,"offensive, merc, standard",무기,2500,TRUE,,,0,0,15,25,data.hullmods.DedicatedTargetingCore,"탄도 및 에너지 무기의 사거리를 순양함/전함 기준 %s/%s 증가시킵니다. 프리깃이나 구축함에는 설치할 수 없으며, 통합 조준 장치와 함께 작동하지 않습니다.",무기를 장착한 함선의 사거리를 증가시킵니다. 특히 대형 함선의 경우 더 많이 증가합니다.,"순양함의 경우 %s, 주력함의 경우 %s로 범위 보너스를 증가시킵니다.",graphics/hullmods/targeting_core.png
방어 조준 배열,defensive_targeting_array,2,,,"special, merc, standard",전투기,3000,,,,2,4,6,10,com.fs.starfarer.api.impl.hullmods.DefensiveTargetingArray,"표준 전투기 통신 링크를 근거리 조준 데이터 제공용으로 전용합니다. 전투기의 미사일 및 다른 전투기에 대한 피해를 %s 증가시키지만, 전투기가 모함 근처에서만 비행하도록 제한합니다.","전투기 대공 피해를 증가시키고, 전투기 배회 범위를 0으로 줄입니다.",함선 전투기의 탄도 및 에너지 무기 사거리를 %s 단위로 연장합니다.,graphics/hullmods/defensive_targeting_array.png
ECCM 패키지,eccm,2,,,"offensive, defensive, merc, standard",무기,2500,,,,5,8,15,20,data.hullmods.ECCMPackage,"함선이 발사한 미사일이 전자 방해 수단 및 플레어에 영향을 받을 확률을 %s 감소시킵니다. 각 미사일에 내장된 CPU 코어가 미사일 최고 속도를 %s, 유도 반응성을 %s 증가시키며 유도 알고리즘도 크게 향상됩니다. 또한 적 ECM으로 인한 무기 사거리 감소를 %s 줄입니다.","미사일 속도와 유도성을 향상시키고, 적의 전자전 공격의 영향을 줄입니다.","무기 사거리 감소의 영향을 완전히 무시하며, 함선의 미사일이 플레어를 무시하도록 합니다.",graphics/hullmods/eccm_package.png
ECM 패키지,ecm,2,,,"offensive, special, merc, standard","무기, 서포트",4000,,,,6,12,18,24,com.fs.starfarer.api.impl.hullmods.ECMPackage,"전투에 배치될 경우, 함선 크기에 따라 %s/%s/%s/%s의 ECM 등급을 부여합니다.",선박의 전자전 능력치를 증가시킵니다.,,graphics/hullmods/ecm_package.png
호위 패키지,escort_package,1,,,"special, weapons, engines, standard","특수, 무기, 엔진",8000,,,,0,7,15,0,com.fs.starfarer.api.impl.hullmods.EscortPackage,"인근 약 %s su 이내에 아군 대형 함선이 있을 경우, 이 함선의 기동성을 %s, 최고 속도를 %s 증가시킵니다. 또한 탄도 및 에너지 무기 사거리를 %s 증가시킵니다. 인근 아군이 전함급일 경우 구축함에 대한 이 보너스가 %s입니다.","대형 우호적 함선 근처에서 기동성, 최고 속도, 무기 사거리를 증가시킵니다.",구축함: 쉴드가 받는 피해를 %s 줄입니다. 순양함에는 추가 효과가 없습니다.,graphics/hullmods/escort_package.png
확장 갑판 승무원,expanded_deck_crew,1,,,"special, merc, standard",전투기,4000,,,,5,10,15,25,com.fs.starfarer.api.impl.hullmods.ExpandedDeckCrew,"전투기 손실로 인한 전투기 교체 속도 감소율을 %s 줄이고, 회복 속도를 %s 증가시킵니다. 전투기 격납고당 필요 승무원을 %s 증가시킵니다.","전투기 교체 속도를 향상시키며, 승무원 요구사항을 증가시킵니다.",,graphics/hullmods/expanded_deck_crew.png
확장 탄창,magazines,1,,,"offensive, merc, standard",무기,2500,,,,3,5,7,10,data.hullmods.ExpandedMagazines,탄도 및 에너지 무기의 탄약 용량 또는 충전 횟수를 %s 증가시킵니다.,탄도 및 에너지 무기의 탄약/충전량을 증가시킵니다.,탄도 및 에너지 무기의 탄약/충전 재생성 속도를 %s 증가시킵니다.,graphics/hullmods/expanded_magazines2.png
확장 미사일 랙,missleracks,1,,,"offensive, merc, standard",무기,5000,,,,8,12,20,30,data.hullmods.ExpandedMissileRacks,미사일 무기의 탄약 용량을 %s 증가시킵니다.,미사일 무기 탄약 증가,미사일 무기의 발사 속도를 %s 만큼 감소시킵니다.,graphics/hullmods/expanded_missile_racks.png
확장 방어막,extendedshieldemitter,1,,,"shields, defensive, merc, standard",방어막,5000,,,,4,8,12,20,data.hullmods.ExtendedShieldEmitter,방어막의 범위를 %s도 증가시킵니다.,최대 쉴드 각도를 증가시킵니다.,쉴드의 커버리지가 추가로 %s 도 증가합니다.,graphics/hullmods/extended_shields.png
플럭스 코일 보조장치,fluxcoil,0,,,"special, merc, standard",특수,4000,TRUE,,,4,8,12,20,data.hullmods.FluxCoilAdjunct,"함선 크기에 따라 플럭스 용량을 %s/%s/%s/%s 증가시킵니다. 플럭스 커패시터보다 효율은 낮지만, 이미 최대 커패시터를 탑재한 설계에 가장 유용합니다.",플럭스 용량을 증가시킵니다.,"플럭스 용량을 추가로 %s/%s/%s/%s 증가시켜, 코일이 콘덴서를 추가하는 것만큼 효율적으로 작동하도록 합니다.",graphics/hullmods/flux_coil_adjunct.png
플럭스 분배기,fluxdistributor,0,,,"special, merc, standard",특수,4000,TRUE,,,4,8,12,20,data.hullmods.FluxDistributor,"함선 크기에 따라 플럭스 방출을 %s/%s/%s/%s 증가시킵니다. 플럭스 벤트보다 효율은 낮지만, 이미 최대 벤트를 탑재한 설계에 가장 유용합니다.",플럭스 감소량 증가,플럭스 소산을 추가로 %s/%s/%s/%s 증가시킵니다. 배급기 효율이 벤트를 추가하는 것만큼 좋아집니다.,graphics/hullmods/flux_distributor.png
,,,,,,,,,,,,,,,,,,,
방어막 차단기,shield_shunt,1,,,"special, shields, merc, standard","특수, 방어막",3000,,,,3,5,7,10,com.fs.starfarer.api.impl.hullmods.ShieldShunt,함선의 방어막을 제거합니다. 외부 방출 노드를 강화 장갑판으로 교체하여 함선의 장갑을 %s 증가시킵니다.,쉴드를 제거하고 장갑을 증가시킵니다.,함선의 장갑을 추가로 %s 증가시킵니다.,graphics/hullmods/shield_shunt.png
임시 방어막 발생기,frontshield,0,,,"shields, defensive, standard",방어막,4000,,,,5,10,15,25,data.hullmods.FrontShieldGenerator,함선에 임시적이고 비효율적인 방어막 발생기를 설치합니다. 방어막 방출장치는 전면 고정 위치에 잠기며 범위는 %s도입니다. 방어막 발생기는 엔진 출력의 상당 부분을 소모하여 최고 속도를 %s 감소시킵니다.,쉴드가 없는 함선에 기본 쉴드를 설치합니다. 최고 속도가 감소합니다.,,graphics/hullmods/front_shield_generator.png
미사일 자동장전기,missile_autoloader,1,,,"offensive, merc, standard",무기,6000,,,,8,12,20,30,com.fs.starfarer.api.impl.hullmods.MissileAutoloader,<스크립트에서 생성되는 툴팁>,소형 미사일 장착구의 미사일 무기를 재장전합니다,재장전 후 대기 시간을 %s초로 증가시킵니다.,graphics/hullmods/missile_autoloader.png
강화 방어막,hardenedshieldemitter,3,,,"shields, defensive, merc, standard",방어막,10000,,,,5,10,15,25,data.hullmods.HardenedShieldEmitter,방어막이 받는 피해를 %s 감소시킵니다. 또한 이온 빔과 같은 무기의 EMP 아크가 방어막을 관통할 확률도 감소시킵니다.,쉴드가 받는 피해를 줄입니다.,,graphics/hullmods/hardened_shields.png
강화 서브시스템,hardened_subsystems,0,,,"special, merc, standard",특수,2500,TRUE,,,5,10,15,25,data.hullmods.HardenedSubsystems,장기 출격으로 인한 성능 저하가 발생하는 함선의 최고 운용 시간을 %s 증가시킵니다. 전투 준비도 감소 속도도 %s 줄입니다.,"피크 시간이 증가하고, CR이 더 느리게 저하됩니다.",,graphics/hullmods/hardened_subsystems.png
중장갑,heavyarmor,0,,,"defensive, merc, standard",방어,2500,,,,8,15,20,40,data.hullmods.HeavyArmor,함선 크기에 따라 함선의 장갑을 %s/%s/%s/%s 포인트 증가시킵니다.,방어도를 증가시킵니다.,선박의 기동성을 %s 만큼 감소시킵니다.,graphics/hullmods/heavy_armor.png
고산란 증폭기,high_scatter_amp,3,,,"offensive, merc, standard",무기,5000,,,,4,8,12,20,com.fs.starfarer.api.impl.hullmods.HighScatterAmp,<스크립트에서 생성되는 툴팁>,빔 사거리를 줄입니다; 빔이 더 많은 피해를 주고 쉴드에 하드 플럭스를 적용합니다.,빔 무기 피해를 추가로 %s 증가시킵니다.,graphics/hullmods/high_scatter_amp.png
통합 포인트 방어 AI,pointdefenseai,3,,,"defensive, merc, standard","무기, 방어",10000,,,,3,6,9,15,data.hullmods.IntegratedPointDefenseAI,"모든 점방어 무기가 유인 플레어를 식별하고 무시할 수 있게 됩니다. 또한 모든 점방어 무기는 전투 준비도에 관계없이 최상의 표적 선행을 얻으며, 미사일에 대한 피해가 %s 증가합니다.","PD는 디코이 플레어를 무시하고, 목표 추적이 개선되며, 미사일에 대한 피해가 증가합니다.","소형 미사일이 아닌 비공격 무기들은 모두 ""근거리 방어""로 분류되어 미사일을 자동으로 목표로 하며, 근거리 방어 능력치 수정자가 적용됩니다.",graphics/hullmods/integrated_point_defense_ai.png
#Point Defense Integration,pdintegration,3,,,"defensive, merc","무기, 방어",10000,,,,12,15,18,24,com.fs.starfarer.api.impl.hullmods.PDIntegration,"소형 근접방어 무기의 탄약 포인트 비용을 %s만큼 감소시킨다. 이 비용 감소는 무기 자체의 특징으로 근접방어 능력을 가진 무기에만 적용되며, 다른 수단으로 획득한 경우에는 적용되지 않는다. 모든 근접방어 무기는 모든 목표에 대해 %s만큼 더 많은 피해를 입힌다.","소형 PD 무기의 포인트 비용 감소, 모든 PD의 피해량 증가",,graphics/hullmods/integrated_point_defense_ai.png
통합 조준 장치,targetingunit,3,,,"offensive, merc, standard",무기,10000,,,,4,8,15,25,data.hullmods.IntegratedTargetingUnit,함선 크기에 따라 탄도 및 에너지 무기의 사거리를 %s/%s/%s/%s 연장합니다. 전용 조준 코어와 함께 작동하지 않습니다. 대부분의 전투함은 통합 조준 장치 또는 전용 조준 코어 중 하나를 설치합니다.,무기를 장착한 함선의 사거리를 증가시킵니다. 특히 큰 함선일수록 더 많은 증가량을 가집니다.,,graphics/hullmods/integrated_targeting_unit.png
항법 중계기,nav_relay,2,,,"engines, special, merc, standard","엔진, 서포트",5000,,,,10,15,20,25,com.fs.starfarer.api.impl.hullmods.NavRelay,"전투에 배치될 경우, 함선 크기에 따라 함대의 항법 등급을 %s/%s/%s/%s 증가시킵니다. 함대의 총 항법 등급은 배치된 함선의 최고 속도를 증가시킵니다.",배치된 함선의 최고 속도를 증가시킵니다.,,graphics/hullmods/nav_relay.png
신경 인터페이스,neural_interface,3,,,"special, no_drop, no_drop_salvage",특수,10000,,,,3,6,9,15,com.fs.starfarer.api.impl.hullmods.NeuralInterface,"기함과 다른 함선을 연결하여 두 함선이 동시에 %s할 수 있게 합니다. '지휘권 이전'과 마찬가지로, 탄약 용량 증가나 전투 준비도 같은 일부 스킬 효과는 링크된 함선에는 적용되지 않습니다. 셔틀 포드 없이 연결된 함선 간 빠른 전환이 가능합니다. 두 함선의 배치 포인트 합산이 %s 이하이면 이전이 즉시 이루어집니다. 목적지 함선은 장교나 AI 코어의 지휘 하에 있으면 안 됩니다.","선박을 빠르게 전환할 수 있으며, 시스템 재사용 대기 시간을 초기화하고 충전을 추가합니다.",선박으로부터의 전송은 배치 점수 총계와 상관없이 항상 즉시 수행됩니다.,graphics/hullmods/neural_interface.png
신경 통합장치,neural_integrator,,,,"special, no_drop, no_drop_salvage",특수,10000,,,,3,6,9,15,com.fs.starfarer.api.impl.hullmods.NeuralIntegrator,"신경 인터페이스의 강화 버전으로, 링크를 통한 모든 시스템 직접 제어가 가능해 자동화 함선과 연동됩니다. 두 함선이 동시에 %s할 수 있습니다. '지휘권 이전'과 마찬가지로, 탄약 용량 증가나 전투 준비도 같은 일부 스킬 효과는 링크된 함선에 적용되지 않습니다. 셔틀 포드 없이 연결된 함선 간 빠른 전환이 가능합니다. 두 함선의 배치 포인트 합산이 %s 이하이면 이전이 즉시 이루어집니다. 목적지 함선은 장교나 AI 코어의 지휘 하에 있으면 안 됩니다. 개조의 복잡성으로 인해 함선의 배치 포인트와 배치 후 회복 물자 비용이 %s 증가합니다.",자동화된 함선용 전문 신경 인터페이스,선박에서 전송은 배치 점수 총과 관계없이 항상 즉시 수행됩니다.,graphics/hullmods/neural_integrator.png
방어막 전환 - 전방,frontemitter,2,,,"shields, defensive, merc, standard",방어막,7000,,,,3,5,8,12,data.hullmods.FrontShieldEmitter,함선의 전방위 방어막 방출장치를 전면 고정 위치로 잠그고 범위를 %s 확대합니다. 모든 전면 방출장치와 마찬가지로 방어막도 두 배 빠르게 전개됩니다.,전방위 쉴드를 전방 쉴드로 전환하고 커버 각도를 확대합니다.,쉴드가 받는 피해량을 %s 만큼 줄입니다.,graphics/hullmods/front_shield_emitter.png
방어막 전환 - 전방위,adaptiveshields,3,,,"shields, defensive, merc, standard",방어막,7000,,,,3,5,8,12,data.hullmods.OmniShieldEmitter,전면 방어막을 전방위 방어막으로 전환합니다. 방어막의 범위를 %s 감소시킵니다.,전방 쉴드를 전방위 쉴드로 변경하며 각도를 감소시킵니다.,쉴드 방향성 패널티를 무시합니다.,graphics/hullmods/omni_shield_emitter_mod.png
작전 센터,operations_center,1,,,special,특수,5000,,,,30,30,30,30,com.fs.starfarer.api.impl.hullmods.OperationsCenter,기함에 설치될 경우 명령 포인트 회복 속도를 %s 증가시킵니다.,기함에 탑승 시 명령점 회복 속도 증가 (%s),,graphics/hullmods/operations_center.png
위상 앵커,phase_anchor,3,,,"phase, merc, no_build_in, standard, phase_brawler",위상,7000,,,,10,20,30,50,com.fs.starfarer.api.impl.hullmods.PhaseAnchor,"위상 은폐 장치의 활성화 비용을 %s로 줄입니다. 위상 상태에서 소프트 플럭스 방출과 무기 충전 속도를 %s 증가시킵니다. 함선을 파괴하거나 비활성화할 치명적 피해를 입을 경우, 위상 공간 깊숙이 긴급 잠수할 수 있습니다. 함선은 후퇴한 것으로 처리되며 전투 종료 후 일반 공간으로 복귀하지만, 배치 비용의 %s에 해당하는 추가 전투 준비도 패널티를 받습니다. 잠수 개시에 필요한 전투 준비도가 충분해야 합니다. 이러한 기동으로 인한 위상 공간의 거대한 왜곡 때문에, 전투 1회당 어느 진영이든 관계없이 단 한 척만 수행할 수 있습니다.",페이즈 상태일 때 플럭스 소산과 무기 재충전을 증가시킵니다. 비상 다이브 기동 시에 활성화됩니다.,,graphics/hullmods/phase_anchor.png
구조 셔틀,recovery_shuttles,1,,,"special, standard",전투기,4000,,,,3,6,9,15,com.fs.starfarer.api.impl.hullmods.RecoveryShuttles,전투기 조종사 사상자를 %s 감소시킵니다.,전투기 조종사 사상자 감소,전투기 조종사 사상자 감소량을 %s로 증가시킵니다.,graphics/hullmods/recovery_shuttles.png
강화 격벽,reinforcedhull,0,,,"defensive, merc, standard",방어,2500,TRUE,,,5,10,15,30,data.hullmods.ReinforcedBulkheads,"함선의 선체 강도를 %s 증가시킵니다. 비활성화될 경우 함선이 분해되지 않으며, 전투 후 거의 항상 회수 가능합니다.",선체 내구도를 증가시킵니다. 손실 시 거의 항상 회수할 수 있습니다.,,graphics/hullmods/reinforced_bulkheads.png
내성 플럭스 도관,fluxbreakers,2,,,"defensive, merc, standard","특수, 방어",7000,,,,3,6,9,15,data.hullmods.FluxBreakers,이온 캐논 등의 무기로부터 받는 EMP 피해를 %s 감소시킵니다. 또한 환기 중 플럭스 방출 속도를 %s 증가시킵니다.,"EMP 피해 감소, 방출 속도 향상.",방출 중 플럭스 감소율이 추가로 %s 증가합니다.,graphics/hullmods/resistant_flux_conduits.png
안전장치 해제,safetyoverrides,0,,,"special, engines, offensive, merc, no_build_in, standard","특수, 엔진",2500,TRUE,,,15,30,45,70,data.hullmods.SafetyOverrides,"안전 프로토콜을 비활성화하여 함선 크기에 따라 전투 최고 속도를 %s/%s/%s 증가시키고 (가속도도 증가), 플럭스 수준에 관계없이 플럭스 제로 엔진 부스트가 적용됩니다. 추가 벤트를 포함한 플럭스 방출 속도가 %s배 증가합니다. 최고 운용 시간이 %s배 감소하고, 능동 환기가 불가능하며, %s 유닛 이상 거리의 무기 사거리가 크게 감소합니다. 민간 또는 전함급 함선에는 설치할 수 없습니다.","성능의 급격한 향상, 훨씬 더 낮은 피크 시간.",,graphics/hullmods/safety_overrides.png
,,,,,,,,,,,,,,,,,,,
안정화 방어막,stabilizedshieldemitter,1,,,"shields, defensive, merc, standard",방어막,5000,,,,3,6,9,15,data.hullmods.StabilizedShieldEmitter,방어막이 켜진 상태에서 초당 발생하는 소프트 플럭스를 %s 감소시킵니다. 방어막이 피해를 받아 발생하는 하드 플럭스에는 영향을 미치지 않습니다.,쉴드의 플럭스 유지 비용을 줄입니다.,쉴드가 받는 하드 플럭스 피해의 %s를 소프트 플럭스로 전환합니다.,graphics/hullmods/stabilized_shields.png
,,,,,,,,,,,,,,,,,,,
불안정 인젝터,unstable_injector,0,,,"engines, merc, standard",엔진,2500,TRUE,,,5,10,15,25,data.hullmods.UnstableInjector,함선 크기에 따라 전투 최고 속도를 %s/%s/%s/%s su/초 증가시킵니다. 무기 조준 및 취약한 시스템에 간섭을 일으켜 비미사일 무기 사거리를 %s 감소시키고 전투기 교체 시간을 %s 증가시킵니다.,"속도를 증가시키고, 무기 사거리를 감소시킵니다.",,graphics/hullmods/unstable_injector.png
,,,,,,,,,,,,,,,,,,,
,,,,,,,,,,,,,,,,,,,
,,,,,,,,,,,,,,,,,,,
# logistics hullmods,,,,,,,,,,,,,,,,,,,
추가 선실,additional_berthing,0,,,"req_spaceport, merc, standard","보급, 도크 필요",3000,TRUE,,,5,10,15,25,com.fs.starfarer.api.impl.hullmods.AdditionalBerthing,함선 크기에 따라 최대 선원 수용 인원을 %s/%s/%s/%s 또는 %s 중 높은 값으로 증가시킵니다. 민간 등급 선체의 경우 유지 물자 소모도 %s 증가합니다.,승무원 수용량을 증가시킵니다.,"승무원 수용량 증가를 두 배로 하고, 민간용 함선의 경우 유지 보수 비용 증가를 무시합니다.",graphics/hullmods/berthing.png
강화 구동장,augmentedengines,1,,,"req_spaceport, merc, standard","보급, 도크 필요",8000,,,,8,16,24,40,data.hullmods.AugmentedEngines,최대 번 레벨을 %s 증가시킵니다.,최대 연소 수준을 증가시킵니다.,최대 연소 수준을 추가로 %s 증가시킵니다.,graphics/hullmods/augmented_drive_field2.png
보조 연료 탱크,auxiliary_fuel_tanks,0,,,"req_spaceport, merc, standard","보급, 도크 필요",4000,TRUE,,,5,10,15,25,com.fs.starfarer.api.impl.hullmods.AuxiliaryFuelTanks,함선 크기에 따라 최대 연료 용량을 %s/%s/%s/%s 또는 %s 중 높은 값으로 증가시킵니다. 민간 등급 선체의 경우 유지 물자 소모도 %s 증가합니다.,연료 용량 증가,"연료 용량 증가를 2배로 하고, 민간용 함선의 경우 유지 보수 비용 증가를 무시한다.",graphics/hullmods/fuel_tanks.png
효율 개선,efficiency_overhaul,0,,,"req_spaceport, merc, standard","보급, 도크 필요",4000,,,,3,6,9,15,com.fs.starfarer.api.impl.hullmods.EfficiencyOverhaul,"유지 물자 소모, 연료 소모, 최소 필요 승무원을 %s 감소시킵니다. 전투 준비도 회복 및 수리 속도를 %s 증가시킵니다. CR 회복에 드는 일일 물자 소모는 증가합니다.",지속적인 비용을 줄이고 더 많은 배치를 가능하게 합니다.,"유지 보수 비용, 연료 사용량, 최소 승무원 요구 사항을 추가로 %s 감소시킵니다.",graphics/hullmods/efficiency.png
확장 화물칸,expanded_cargo_holds,0,,,"req_spaceport, merc, standard","보급, 도크 필요",4000,TRUE,,,5,10,15,25,com.fs.starfarer.api.impl.hullmods.ExpandedCargoHolds,함선 크기에 따라 최대 화물 용량을 %s/%s/%s/%s 또는 %s 중 높은 값으로 증가시킵니다. 민간 등급 선체의 경우 유지 물자 소모도 %s 증가합니다.,화물 용량을 증가시킵니다.,"화물 용량 증가량을 2배로 하며, 민간용 선체의 경우 유지 보수 비용 증가를 무시합니다.",graphics/hullmods/expanded_cargo.png
고해상도 센서,hiressensors,2,,,"req_spaceport, merc, standard","보급, 도크 필요",9000,,,,4,6,9,15,com.fs.starfarer.api.impl.hullmods.HighResSensors,<스크립트에서 생성되는 툴팁>,함대의 감지 거리를 증가시킵니다.,전투 중 함선의 시야 범위를 함종 크기에 따라 %s/%s/%s/%s 증가시킵니다.,graphics/hullmods/high_res_sensors.png
절연 엔진 조립체,insulatedengine,0,,,"engines, defensive, req_spaceport, merc, standard","엔진, 보급, 방어, 도크 필요",2500,,,,3,6,9,15,data.hullmods.InsulatedEngines,"함선 엔진의 내구도를 %s, 선체 강도를 %s 증가시킵니다. 함선의 센서 프로파일도 %s 감소합니다.","엔진을 비활성화하기 어렵게 하고, 센서 프로파일을 낮춥니다.",엔진 내구도를 추가로 %s 증가시킵니다. 또한 센서 프로파일 감소치를 %s로 증가시킵니다.,graphics/hullmods/insulated_engine_assembly.png
군사화 서브시스템,militarized_subsystems,0,,,"req_spaceport, merc, standard","특수, 보급, 도크 필요",6000,TRUE,,,4,8,12,20,com.fs.starfarer.api.impl.hullmods.MilitarizedSubsystems,민간 등급 선체의 패널티를 제거하고 최대 번 레벨을 %s 증가시킵니다. 최소 필요 승무원을 %s 증가시킵니다.,"센서 패널티 제거, 최대 연소 레벨 증가, 필요 승무원 수 증가.",인원 수 증가 요구 사항을 무시합니다.,graphics/hullmods/militarized_subsystems.png
태양 차폐,solar_shielding,2,,,"defensive, req_spaceport, merc, standard","방어, 보급, 도크 필요",5000,,,,3,6,9,15,data.hullmods.SolarShielding,"원래 내부 아스코니아 항성계의 독특한 환경에 대응하기 위해 독재국 기술자들이 개발했습니다. 태양 코로나 내 운용이 전투 준비도에 미치는 영향을 %s 감소시키고, 에너지 피해를 %s 감소시킵니다.",코로나 내에서의 효과 감소 및 받는 에너지 피해 감소: %s,태양 코로나 및 유사한 위험으로부터의 보호를 %s까지 증가시킵니다.,graphics/hullmods/solar_shielding2.png
탐사 장비,surveying_equipment,1,,,"special, req_spaceport, standard","보급, 도크 필요",5000,,,,5,10,15,25,data.hullmods.SurveyingEquipment,"함선 크기에 따라 탐사에 필요한 중장비와 물자를 %s/%s/%s/%s 감소시키며, 각 항목의 최솟값은 %s입니다.",조사에 필요한 자원을 줄입니다.,조사 비용 감소량을 %s 증가시킵니다.,graphics/hullmods/surveying_equipment.png
,,,,,,,,,,,,,,,,,,,
# standard built-in hullmods,,,,,,,,,,,,,,,,,,,
터미네이터 코어,terminator_core,,,,,무기,,,TRUE,,0,0,0,0,com.fs.starfarer.api.impl.hullmods.TerminatorCore,"모든 근접방어 무기에 유인 폭발을 식별하고 무시할 수 있는 능력을 부여한다. 모든 무기는 전투 준비도와 관계없이 최고의 목표 유도를 획득하고, 미사일과 전투기에 대한 모든 피해는 %s만큼 증가하며, 빔 무기 사거리는 %s 유닛 증가한다.",,,graphics/hullmods/terminator_core.png
공유 플럭스 싱크,shared_flux_sink,,,,,,,,TRUE,,0,0,0,0,com.fs.starfarer.api.impl.hullmods.SharedFluxSink,부착된 모든 모듈의 플럭스 방산의 %s를 처리한다. 전투 중 모듈을 잃으면 추가 플럭스 방산이 남은 모듈들에 재분배된다. 이 추가 방산의 최대 %s는 하드 플럭스에 적용된다.,모듈 손실 시 플럭스/하드 플럭스 소산 보너스,,graphics/hullmods/shared_flux_sink.png
은폐 지뢰밭,stealth_minefield,,,,,,,,TRUE,,0,0,0,0,com.fs.starfarer.api.impl.hullmods.StealthMinefield,전투 중 광산이 적 함선을 공격한다.,전투 중에 지뢰는 적 함선을 공격합니다.,,graphics/hullmods/stealth_mines.png
은폐 지뢰밭 - 로우텍,stealth_minefield_lt,,,,,,,,TRUE,,0,0,0,0,com.fs.starfarer.api.impl.hullmods.StealthMinefieldLT,전투 중 광산이 적 함선을 공격한다.,전투 중에 지뢰가 적 함선을 공격합니다.,,graphics/hullmods/stealth_mines.png
B-갑판,bdeck,,,,,,,,TRUE,,0,0,0,0,com.fs.starfarer.api.impl.hullmods.BDeck,"전투당 1회, 전투기 보충 비율이 %s에 도달하면 전투기 발진 베이가 \""B-데크\""에서 작동하도록 전환된다. 대기 중인 전투기들이 발진하여 비행대를 빠르게 최대 전력으로 복구시키고, 전투기 보충 비율이 %s로 설정된다.",전투당 한 번씩 새로운 전투기 편대를 발진시키고 교체율을 보충합니다.,,graphics/hullmods/bdeck.png
전투기 섀시 격납,chassis_storage,,,,,,,,TRUE,,0,0,0,0,com.fs.starfarer.api.impl.hullmods.FighterChassisStorage,전투기가 손실되어도 전투기 보충 비율이 감소하지 않는다.,전투기 대체 비율이 감소하지 않습니다.,,graphics/hullmods/expanded_deck_crew.png
방어막 항상 켜짐,shield_always_on,,,,,,,,TRUE,TRUE,0,0,0,0,com.fs.starfarer.api.impl.hullmods.ShieldAlwaysOn,,"쉴드를 항상 켜짐 상태로 유지합니다. 숨김 처리되어 있으며, 설명이나 아이콘은 필요하지 않습니다.",,graphics/hullmods/hardened_shields.png
미사일 자동단조기,missile_reload,,,,codex_require_related,,,,TRUE,,0,0,0,0,com.fs.starfarer.api.impl.hullmods.PeriodicMissileReload,함 내부의 자동 단조로가 주기적으로 모든 미사일 무기의 탄약함을 완전히 재장전한다.,주기적으로 모든 미사일 무기를 재장전합니다.,,graphics/hullmods/expanded_missile_racks.png
차폐 화물칸,shielded_holds,2,,,,,,,TRUE,,0,0,0,0,data.hullmods.ShieldedCargoHolds,우주 방사선으로부터 화물을 보호할 수 없는 함선에서 흔히 발견됩니다. 밀수품이 탐지되지 않을 확률을 높입니다.,밀수품 발각 가능성을 낮춥니다.,,graphics/hullmods/shielded_cargo_hold.png
살바지 지지대,repair_gantry,,,,,,,,TRUE,,0,0,0,0,com.fs.starfarer.api.impl.campaign.RepairGantry,"버려진 기지, 난파선, 표류 선체 등을 구난할 때 함선 크기에 따라 획득 자원을 %s/%s/%s/%s 증가시킵니다. 연료나 물자 같은 일반 자원에만 적용되며, 청사진 같은 희귀 아이템에는 적용되지 않습니다. 또한 보너스의 %s는 전투 후 구난에도 적용됩니다.",살바지에서 얻는 자원을 증가시킵니다.,,graphics/hullmods/repair_gantry.png
위상장,phasefield,,,,,,,,TRUE,,0,0,0,0,com.fs.starfarer.api.impl.hullmods.PhaseField,함선이 장기간 저출력 위상 필드를 유지하여 실질 센서 프로파일을 %s 감소시킵니다.,함대 전체의 센서 프로파일을 감소시킵니다.,,graphics/hullmods/phase_field.png
플럭스 션트,fluxshunt,,,,,,,,TRUE,,0,0,0,0,data.hullmods.FluxShunt,방패가 켜져 있을 때 함이 하드 플럭스를 정상 속도의 %s로 방산할 수 있게 한다.,쉴드가 활성화된 상태에서 하드 플럭스를 소산할 수 있습니다.,,graphics/hullmods/flux_shunt.png
민간급 선체,civgrade,,,,,,,,TRUE,,0,0,0,0,data.hullmods.CivGrade,센서 프로파일을 %s 증가시킵니다. 센서 강도를 %s 감소시킵니다.,"센서 프로파일을 증가시키고, 센서 강도를 감소시킵니다.",,graphics/hullmods/civilian_grade.png
높은 유지비,high_maintenance,,,,,,,,TRUE,,0,0,0,0,data.hullmods.HighMaintenance,월간 유지 물자 비용을 %s 증가시킵니다.,유지 보수 비용이 증가합니다.,,graphics/hullmods/high_maintenance.png
에너지 볼트 결속기,coherer,,,,,,,,TRUE,,0,0,0,0,com.fs.starfarer.api.impl.hullmods.EnergyBoltCoherer,<스크립트에서 생성되는 툴팁>,빔이 아닌 에너지 무기의 기본 사거리를 증가시킵니다.,,graphics/hullmods/coherer.png
설계 타협,design_compromises,,,,,,,,TRUE,,0,0,0,0,com.fs.starfarer.api.impl.hullmods.DesignCompromises,"경쟁하는 설계 우선순위와 설계 주기 후반에 무리하게 통합된 최첨단 프로젝트들로 인해 함선 성능이 저하되어 있습니다. 플럭스 방출과 용량이 기본 수치를 포함해 %s 감소합니다. 탄도 무기 사거리가 %s 감소하고, 미사일 무기 연사 속도가 %s 감소하며, 에너지 무기의 플럭스 발생량이 %s 증가합니다. 반면 추가 나노포지 용량을 더 쉽게 활성화할 수 있어, 이미 전투기 격납고가 있는 함선에도 %s을 설치할 수 있으며 운용 가능한 전투기 격납고 수가 %s로 늘어납니다.","미사일 및 탄도 무기 사거리를 감소시키고, 플럭스 소산/용량을 감소시킵니다.",,graphics/hullmods/design_compromises.png
,,,,,,,,,,,,,,,,,,,
,,,,,,,,,,,,,,,,,,,
,,,,,,,,,,,,,,,,,,,
단섬유 예인 케이블,tow_cable,,,,hide_in_codex,,,,TRUE,,0,0,0,0,com.fs.starfarer.api.impl.campaign.TowCable,함대에서 가장 느린 함선의 최대 번드라이브를 1 증가시킨다. 여러 예인선이 같은 함선을 1 이상 가속시키는 데 사용될 수 없다. 전투에서는 사용할 수 없다.,다른 함선의 연소 수준을 증가시킵니다.,,graphics/hullmods/monofilament_cable.png
구동장 안정기,drive_field_stabilizer,,,,,,,,TRUE,,0,0,0,0,com.fs.starfarer.api.impl.hullmods.DriveFieldStabilizer,함대의 드라이브 기포를 안정화하여 함대의 최대 번드라이브를 %s 증가시킨다. 여러 안정화장치의 효과는 누적된다. 함선의 센서 프로필을 %s 증가시킨다.,함대 전체 연료 소모량 감소.,,graphics/hullmods/augmented_drive_field.png
지상 지원 패키지,ground_support,,,,,,,,TRUE,,0,0,0,0,com.fs.starfarer.api.impl.hullmods.GroundSupport,지상 방어용 근접 지원 무기 및 대응 수단. 행성 습격의 효과 강도를 함대의 총 해병 수까지 %s 증가시킨다.,레이드의 효율성을 향상시킵니다.,,graphics/hullmods/ground_support.png
고급 지상 지원,advanced_ground_support,,,,,,,,TRUE,,0,0,0,0,com.fs.starfarer.api.impl.hullmods.AdvancedGroundSupport,지상 방어용 근접 지원 무기 및 대응 수단. 행성 습격의 효과 강도를 함대의 총 해병 수까지 %s 증가시킨다.,레이드의 효율성을 향상시킵니다.,,graphics/hullmods/ground_support_adv.png
정밀 기계장치,delicate,,,,,,,,TRUE,,0,0,0,0,data.hullmods.DelicateMachinery,함선 시스템이 과도한 유지보수를 필요로 하며 장기 교전의 혹독함을 견디지 못한다. 최대 성능 시간이 끝난 후 전투 중 CR 감소 속도를 %s 증가시킨다.,피크 시간 종료 후 CR 감소 속도를 증가시킵니다.,,graphics/hullmods/delicate_machinery.png
중탄도 통합,hbi,,,,,,,,TRUE,,0,0,0,0,com.fs.starfarer.api.impl.hullmods.HeavyBallisticsIntegration,대형 탄도 무기의 무장 포인트 비용을 %s 감소시킵니다.,대형 탄도 무기의 오드넌스 포인트 비용 감소 (%s),,graphics/hullmods/ballistics_integration.png
대형 격납고,vast_hangar,,,,,,,,TRUE,,0,0,0,0,com.fs.starfarer.api.impl.hullmods.VastHangar,"함선에 대형 격납고와 지원 소함대가 있습니다. 개조 격납고가 추가하는 전투기 격납고 수가 %s 증가하며, 전용 격납고에 준하는 성능을 갖춥니다. 배치 비용 관련 패널티를 포함한 모든 패널티와 수정치가 무효화됩니다.","전환 격납고의 효과를 증가시키고, 그에 따른 패널티를 제거합니다.",,graphics/hullmods/vast_hangar.png
내구 구조,rugged,,,,,,,,TRUE,,0,0,0,0,com.fs.starfarer.api.impl.hullmods.RuggedConstruction,"대부분의 D-모드 부정적 효과를 %s 감소시킵니다. 전투 중 비활성화되거나 파괴될 경우, 새 D-모드를 피할 확률이 %s이며, 전투 후 거의 항상 회수 가능합니다. 또한 배치 후 회복 물자 비용과 비활성화 시 수리 비용이 %s 감소합니다.",고장의 영향을 줄임; 손실 시 거의 항상 회수 가능함.,,graphics/hullmods/rugged_construction.png
자동화 함선,automated,,,,codex_require_related,,,,TRUE,,0,0,0,0,com.fs.starfarer.api.impl.hullmods.Automated,"이 함선은 완전 자동화되어 있으며, 인간 승무원이 필요 없고 탑승시킬 수도 없습니다.",승무원을 필요로 하지 않으며 지원할 수 없습니다.,,graphics/hullmods/automated.png
고급 조준 코어,advancedcore,,,,,,,,TRUE,,0,0,0,0,data.hullmods.AdvancedTargetingCore,탄도 및 에너지 무기의 사거리를 %s 연장합니다. 점방어 무기의 사거리는 %s만 연장됩니다. 전용 조준 코어 또는 통합 조준 장치의 설치가 불가합니다.,미사일이 아닌 무기의 사거리를 크게 늘립니다.,,graphics/hullmods/advanced_targeting_core.png
조준 슈퍼컴퓨터,supercomputer,,,,,,,,TRUE,,0,0,0,0,data.hullmods.TargetingSupercomputer,탄도 및 에너지 무기의 사거리를 %s 연장합니다. 점방어 무기의 사거리는 %s만 연장됩니다. 또한 표적 선행 정확도를 높이고 전투 중 센서 범위를 크게 증가시킵니다.,미사일이 아닌 무기의 사거리를 크게 늘립니다.,,graphics/hullmods/targeting_supercomputer.png
실험적 위상 코일,ex_phase_coils,,,,codex_require_related,,,,TRUE,,0,0,0,0,com.fs.starfarer.api.impl.hullmods.ExperimentalPhaseCoils,위상 망토의 재사용 대기시간을 %s 단축합니다.,페이즈 클로킹 재사용 대기시간을 크게 줄입니다.,,graphics/hullmods/phase_coils_experimental.png
고의지 유인기,high_frequency_attractor,,,,codex_require_related,,,,TRUE,,0,0,0,0,com.fs.starfarer.api.combat.BaseHullMod,함선의 균열 핵심부로 고주파 입자들을 워프 인할 수 있게 하는 실험적 개조입니다.,보다 강력한 고주파 모트를 발사합니다.,,graphics/hullmods/high_volition_attractor.png
소모형 장갑,ablative_armor,,,,,,,,TRUE,,0,0,0,0,com.fs.starfarer.api.impl.hullmods.AblativeArmor,"'이격' 장갑이 등장하기 전, 재료의 순수 체적만으로 마이크로 유성체를 막기 위해 설계된 고대 방식입니다. 피해 감소 계산에 사용되는 유효 장갑 강도를 실제 값의 %s로 줄입니다. 다만 이 설계의 함선은 매우 두꺼운 장갑을 탑재하는 경향이 있습니다.",방어구의 피해 감소 효과를 줄입니다.,,graphics/hullmods/ablative_armor.png
분산 사격통제,distributed_fire_control,,,,,,,,TRUE,,0,0,0,0,com.fs.starfarer.api.impl.hullmods.DistributedFireControl,"외부 제어선과 전력 도관에 대한 피해로 무기가 오프라인되는 경우가 많습니다. 이 함선의 무기는 보다 독립적으로 작동하도록 설계되어, 피해 노출이 %s 감소하고 함선 전체가 받는 EMP 피해도 %s 감소합니다.",무기 내구도를 증가시키고 EMP 피해를 감소시킵니다.,,graphics/hullmods/distributed_fire_control2.png
개조 화물실,converted_bay,1,,,,,,,TRUE,,0,0,0,0,data.hullmods.ConvertedCargoBay,"화물칸을 전투기 격납고 2개로 개조했습니다. 임시로 제작된 전투기 차대 제조시설은 불안정하며 대부분의 부품에 결함이 있습니다. 전투기 속도 %s 감소, 피해량 %s 증가.",임시 전투기 격납고 한 쌍.,,graphics/hullmods/converted_hangar.png
특수 개조 (안드라다),andrada_mods,,,,"dmod, codex_require_related",,,,TRUE,,0,0,0,0,com.fs.starfarer.api.impl.hullmods.AndradaMods,"초기 프로토타입 검사 중 최고 집행관이 노출된 배선관에 부정적 의견을 표했고, 전투 중 용감한 승무원들에게 위험을 초래할 수 있다고 판단했습니다. 최고 집행관이 임명한 수석 설계자는 신드리아 자체에서 생산한 특수 방폭 단열재 설치를 지시했습니다. 통로가 좁아지고 배선관 과열 위험이 있으며 패널 접근이 어렵지만, 공식 전투태세 보고서는 비판이 없습니다. 전투 중 승무원 사상자 %s 증가, 기본 플럭스 소산율 %s 감소, 무기 및 엔진 수리 속도 %s 감소.",함선의 성능을 감소시킵니다.,,graphics/hullmods/special_modifications.png
거대 선체,vastbulk,,,,,,,,TRUE,,0,0,0,0,data.hullmods.VastBulk,"이 구조물의 주체는 거대하며, 실질적으로 재래식 무기의 어떤 양의 피해도 파괴되지 않고 흡수할 수 있습니다.",,,graphics/hullmods/vast_bulk.png
축 회전,axialrotation,,,,,,,,TRUE,,0,0,0,0,data.hullmods.AxialRotation,이 구조물은 자신의 축을 중심으로 지속적으로 회전합니다.,,,graphics/hullmods/axial_rotation.png
앵커 회전,anchorrotation,,,,,,,,TRUE,TRUE,0,0,0,0,data.hullmods.AnchorRotation,이 구조물은 앵커 연결점을 중심으로 회전합니다. 정거장 모듈 전용입니다.,,,graphics/hullmods/axial_rotation.png
감소된 폭발,reduced_explosion,,,,,,,,TRUE,TRUE,0,0,0,0,data.hullmods.ReducedExplosion,폭발 반경 및 피해량 감소.,,,graphics/hullmods/reduced_explosion.png
항상 분리,always_detaches,,,,,,,,TRUE,TRUE,0,0,0,0,data.hullmods.AlwaysDetaches,파괴 시 항상 모체 구조물에서 분리됩니다.,,,graphics/hullmods/detach_always.png
절대 분리 안함,never_detaches,,,,,,,,TRUE,TRUE,0,0,0,0,data.hullmods.NeverDetaches,파괴 시 모체 구조물에서 분리되지 않습니다.,,,graphics/hullmods/detach_never.png
무기 플럭스 없음,no_weapon_flux,,,,,,,,TRUE,TRUE,0,0,0,0,data.hullmods.NoWeaponFlux,무기 발사에 플럭스 소모 없음. 전투기의 유효 실드 내구도를 세밀하게 조절하기 위해 사용됩니다.,,,
관통 사격 금지,do_not_fire_through,,,,,,,,TRUE,TRUE,0,0,0,0,data.hullmods.DoNotFireThrough,정거장의 다른 모듈 무기들은 이 모듈을 통해 발사하는 것을 피합니다. 탄환이 이 모듈 위를 지나가 명중하지 않더라도 말입니다.,,,
파편 생성기,shard_spawner,,,,,,,,TRUE,TRUE,0,0,0,0,com.fs.starfarer.api.impl.hullmods.ShardSpawner,함선이 무력화/파괴될 때 샤드 함선을 생성합니다.,,,
후퇴 금지,do_not_back_off,,,,,,,,TRUE,TRUE,0,0,0,0,com.fs.starfarer.api.impl.hullmods.DoNotBackOff,DO_NOT_BACK_OFF AI 플래그를 설정합니다.,,,
,,,,,,,,,,,,,,,,,,,
# threat stuff,,,,,,,,,,,,,,,,,,,
위협 선체,threat_hullmod,,,,"codex_require_related, threat",,,,TRUE,,0,0,0,0,com.fs.starfarer.api.impl.combat.threat.ThreatHullmod,Threat 함선의 특수 속성을 관리하는 숨겨진 선체 개조. 설명은 스크립트로 생성됩니다.,,,graphics/hullmods/the_threat.png
파편 군집,fragment_swarm,,,,"codex_unlockable, fragment, no_drop_salvage","무기, 특수",30000,,,,6,12,18,30,com.fs.starfarer.api.impl.combat.threat.FragmentSwarmHullmod,"위협 파편 군집이 함선 주위를 맴돌며 파편 기반 무기에 재생 가능한 파편을 공급합니다. 기본 파편 수는 %s/%s/%s/%s이며, 교체 파편은 주기적으로 발사됩니다.",위협 조각의 떼가 이 함선을 맴돕니다.,최대 전투 준비도를 %s 감소시키고 유지 보수 비용을 %s 증가시킵니다.,graphics/hullmods/fragment_swarm.png
보조 제작기,secondary_fabricator,,,,"codex_unlockable, fragment, no_drop_salvage","무기, 특수",20000,,,,3,6,9,15,com.fs.starfarer.api.impl.combat.threat.SecondaryFabricatorHullmod,교체 파편이 발사되는 속도를 %s 증가시킵니다.,파편 교체 속도를 증가시킵니다.,파편 교체 속도를 추가로 %s 증가시킵니다.,graphics/hullmods/secondary_fabricator.png
파편 조정기,fragment_coordinator,,,,"codex_unlockable, fragment, no_drop_salvage","무기, 특수",15000,,,,3,6,9,15,com.fs.starfarer.api.impl.combat.threat.FragmentCoordinatorHullmod,함선의 파편 군집 최대 파편 수를 %s 증가시킵니다.,함선 주변의 파편 떼의 크기를 증가시킵니다.,파편 스웜의 크기를 추가로 %s 증가시킵니다.,graphics/hullmods/fragment_coordinator.png
,,,,,,,,,,,,,,,,,,,
# shrouded dweller stuff,,,,,,,,,,,,,,,,,,,
드웰러 선체 개조,dweller_hullmod,,,,dweller,,,,TRUE,TRUE,0,0,0,0,com.fs.starfarer.api.impl.combat.dweller.DwellerHullmod,Shrouded Dweller 비주얼 및 커스텀 메커니즘을 추가합니다. 플레이어에게 보이지 않습니다.,,,
은폐 맨틀,shrouded_mantle,,,,"codex_unlockable, shrouded, no_drop_salvage",특수,,,,,3,6,9,15,com.fs.starfarer.api.impl.combat.dweller.ShroudedMantleHullmod,함선은 선체에 상당한 피해를 입을 경우 위험으로부터 물러나려 합니다. 전투 중 선원 사상자가 %s 증가합니다.,피해를 받을 때마다 함선이 후퇴합니다.,이 함선은 허기짐의 균열에서 제공되는 치유의 %s 만큼의 이점을 얻습니다.,graphics/hullmods/shrouded_mantle.png
은폐 뇌운,shrouded_thunderhead,,,,"codex_unlockable, shrouded, no_drop_salvage","무기, 특수",,,,,5,10,15,25,com.fs.starfarer.api.impl.combat.dweller.ShroudedThunderheadHullmod,<스크립트에서 생성되는 툴팁>,이 함선은 자신의 무기들이 공격한 최근의 목표물에게 리프트 번개를 발사합니다.,,graphics/hullmods/shrouded_thunderhead.png
은폐 렌즈,shrouded_lens,,,,"codex_unlockable, shrouded, no_drop_salvage",특수,,,,,3,6,9,15,com.fs.starfarer.api.impl.combat.dweller.ShroudedLensHullmod,<스크립트에서 생성되는 툴팁>,"렌즈는 자동으로 근처의 목표물에 초점을 맞추며, 해당 지역에 피해를 입힌다.",,graphics/hullmods/shrouded_lens.png
,,,,,,,,,,,,,,,,,,,
# ship skin buffs,,,,,,,,,,,,,,,,,,,
XIV 전투단,fourteenth,,,,,,,,TRUE,,0,0,0,0,data.hullmods.Fourteenth,"이 함선은 헤게모니를 건설한 원래의 14번째 도메인 전투군의 생존자입니다. 도메인 해군의 ""결정적 전투"" 교리의 최고 표본으로, 붕괴 이전 산업 방법으로 수행된 급진적 구조 개조가 특징입니다. %s 표준 단위만큼 더 무거운 장갑판 장착이 가능하며 속도와 기동성은 %s만 감소합니다. 예외적으로 잘 조율된 에너지 시스템은 표준 선체 대비 플럭스 처리량과 용량을 %s 증가시킵니다.",,,graphics/hullmods/fourteenth.png
헤게모니 군사화 보조함,heg_militarized,,,,hide_in_codex,,,,TRUE,,0,0,0,0,data.hullmods.Militarized,"이 함선은 헤게모니 보조함 목록에 있었거나 현재 있습니다. 헤게모니 해군 조선소에서 적용한 강화 장갑 키트는 선체 크기에 따라 %s/%s/%s/%s의 장갑 강도 증가를 제공하며 성능 손실이 없습니다. 핵심 전력 시스템이 군사 표준으로 업그레이드되어 전체 기동성 %s 향상, 플럭스 용량 %s 증가, 플럭스 소산율 %s 증가, 최대 번 레벨 %s 증가.",,,graphics/hullmods/militarized_hegemony_auxiliary.png
,,,,,,,,,,,,,,,,,,,
,,,,,,,,,,,,,,,,,,,
# permanent ship debuffs,,,,,,,,,,,,,,,,,,,
손상된 장갑,comp_armor,,,,"dmod, damage, damageStruct",,,,TRUE,,0,0,0,0,data.hullmods.CompromisedArmor,이 함선의 장갑은 과거에 심각하고 수리 불가능한 손상을 입었거나 제조 결함이 있습니다. 장갑 등급이 %s 감소합니다. 배치 후 회복에 드는 물자 비용이 %s 감소합니다.,,,graphics/hullmods/compromised_armor.png
손상된 선체,comp_hull,,,,"dmod, damage, damageStruct",,,,TRUE,,0,0,0,0,data.hullmods.CompromisedHull,이 함선의 선체는 과거에 심각하고 수리 불가능한 손상을 입었거나 제조 결함이 있습니다. 선체 강도가 %s 감소합니다. 배치 후 회복에 드는 물자 비용이 %s 감소합니다.,,,graphics/hullmods/compromised_hull.png
저하된 엔진,degraded_engines,,,,"dmod, damage",,,,TRUE,,0,0,0,0,data.hullmods.DegradedEngines,"전투 피해, 제조 결함, 또는 오랜 방치로 인해 이 함선의 엔진이 영구적으로 성능이 저하되었습니다. 전투 중 최고 속도와 기동성이 %s 감소합니다. 배치 후 회복에 드는 물자 비용이 %s 감소합니다.",,,graphics/hullmods/degraded_engines.png
저하된 구동장,degraded_drive_field,,,,"dmod, damage, civOnly",,,,TRUE,,0,0,0,0,data.hullmods.DegradedDriveField,"전투 피해, 제조 결함, 또는 오랜 방치로 인해 이 함선의 추진 필드가 영구적으로 저하되었습니다. 최대 번 레벨이 %s 감소합니다. 센서 프로파일이 %s 증가합니다. 배치 후 회복에 드는 물자 비용이 %s 감소합니다.",,,graphics/hullmods/degraded_drivefield.png
결함 전력망,faulty_grid,,,,"dmod, damage",,,,TRUE,,0,0,0,0,data.hullmods.FaultyPowerGrid,"전투 피해, 제조 결함, 또는 오랜 방치로 인해 이 함선의 전력망이 최고 성능에 도달하지 못합니다. 플럭스 용량이 %s 감소합니다. 플럭스 방출 속도가 %s 감소합니다. 센서 프로파일이 %s 증가합니다. 배치 후 회복에 드는 물자 비용이 %s 감소합니다.",,,graphics/hullmods/faulty_power_grid.png
위상 코일 불안정,unstable_coils,,,,"dmod, phaseDamage",,,,TRUE,,0,0,0,0,data.hullmods.PhaseCoilInstability,"이 함선의 위상 코일은 미세한 결함으로 인해 제대로 조정할 수 없습니다. 위상 시간 보너스를 %s 감소시키고, 최고 운용 시간을 %s 감소시키며, 전투 준비도 감소 속도를 %s 증가시킵니다. 배치 후 회복에 드는 물자 비용이 %s 감소합니다.",,,graphics/hullmods/phase_coil_instability.png
구조 손상,comp_structure,,,,"dmod, damageStruct, destroyedDamageAlways",,,,TRUE,,0,0,0,0,com.fs.starfarer.api.impl.hullmods.CompromisedStructure,"이 함선의 선체는 과거에 극심한 피해를 입어 산산조각 날 뻔했습니다. 장갑 등급이 %s, 선체 강도가 %s 감소합니다. 배치 후 회복에 드는 물자 비용이 %s 감소합니다.",,,graphics/hullmods/structural_damage.png
오작동 센서 배열,glitched_sensors,,,,"dmod, damage",,,,TRUE,,0,0,0,0,com.fs.starfarer.api.impl.hullmods.GlitchedSensorArray,이 함선의 센서 배열은 전체 선체 개조 없이는 수리할 수 없을 정도로 손상되었습니다. 전투 중 무기 사거리가 %s 감소합니다. 센서 강도가 %s 감소합니다. 배치 후 회복에 드는 물자 비용이 %s 감소합니다.,,,graphics/hullmods/glitched_sensor_array.png
오작동 통신,malfunctioning_comms,,,,"dmod, fighterBayDamage",,,,TRUE,,0,0,0,0,com.fs.starfarer.api.impl.hullmods.MalfunctioningComms,통신 시스템이 심각한 손상을 입어 전장 방해 전파를 뚫기가 더욱 어려워졌습니다. 전투기 교전 범위가 %s 감소합니다. 배치 후 회복에 드는 물자 비용이 %s 감소합니다.,,,graphics/hullmods/malfunctioning_comms.png
결함 제조시설,defective_manufactory,,,,"dmod, fighterBayDamage",,,,TRUE,,0,0,0,0,com.fs.starfarer.api.impl.hullmods.DefectiveManufactory,"전투기 기체를 생산하는 제조기가 불안정하여 대부분의 부품에 경미한 결함이 있습니다. 전투기 속도가 %s 감소하고, 받는 피해가 %s 증가합니다. 배치 후 회복에 드는 물자 비용이 %s 감소합니다.",,,graphics/hullmods/defective_manufactory.png
손상된 비행갑판,damaged_deck,,,,"dmod, fighterBayDamage",,,,TRUE,,0,0,0,0,com.fs.starfarer.api.impl.hullmods.DamagedFlightDeck,이 함선의 비행 갑판은 심각한 손상을 입어 정상 운용에 크게 지장을 줍니다. 교체 전투기 출격 시간이 %s 증가합니다. 배치 후 회복에 드는 물자 비용이 %s 감소합니다.,,,graphics/hullmods/damaged_flight_deck.png
불안정 서브시스템,fragile_subsystems,,,,"dmod, damage, peak_time, notPhase",,,,TRUE,,0,0,0,0,com.fs.starfarer.api.impl.hullmods.FragileSubsystems,광범위한 여분 부품 손실로 인해 최고 운용 시간이 %s 감소하고 전투 준비도 감소 속도가 %s 빨라집니다. 배치 후 회복에 드는 물자 비용이 %s 감소합니다.,,,graphics/hullmods/fragile_subsystems.png
손상된 저장공간,comp_storage,,,,"dmod, damage, civOnly",,,,TRUE,,0,0,0,0,com.fs.starfarer.api.impl.hullmods.CompromisedStorage,"이 함선의 보관 용량이 크게 저하되었습니다. 승무원, 화물, 연료 용량이 %s 감소합니다.",,,graphics/hullmods/compromised_storage.png
증가된 유지비,increased_maintenance,,,,"dmod, damage, civ, notAuto",,,,TRUE,,0,0,0,0,com.fs.starfarer.api.impl.hullmods.IncreasedMaintenance,월간 유지 물자 비용을 %s 증가시킵니다. 최소 필요 승무원을 %s 증가시킵니다. 최대 전투 준비도를 %s 감소시킵니다. 배치 후 회복에 드는 물자 비용이 %s 감소합니다.,"유지 보수 비용과 승무원 요구 사항을 증가시키고, 최대 전투 준비도를 감소시킵니다.",,graphics/hullmods/increased_maintenance.png
불규칙 연료 인젝터,erratic_injector,,,,"dmod, damage, civ",,,,TRUE,,0,0,0,0,com.fs.starfarer.api.impl.hullmods.ErraticInjector,연료 소모를 %s 증가시키고 플럭스 제로 부스트를 %s su/초 감소시킵니다.,연료 소모량을 증가시키고 제로 플럭스 부스트를 감소시킵니다.,,graphics/hullmods/erratic_injector.png
결함 자동화 시스템,faulty_auto,,,,"dmod, damage, notAuto",,,,TRUE,,0,0,0,0,com.fs.starfarer.api.impl.hullmods.FaultyAutomatedSystems,최소 필요 승무원을 %s 증가시키고 최대 전투 준비도를 %s 감소시킵니다.,"최소 필요 승무원 수를 증가시키며, 최대 전투 준비도를 감소시킵니다.",,graphics/hullmods/faulty_automated_systems.png
손상된 무기 마운트,damaged_mounts,,,,"dmod, damage",,,,TRUE,,0,0,0,0,com.fs.starfarer.api.impl.hullmods.DamagedWeaponMounts,무기 선회 속도를 %s 감소시키고 반동을 %s 증가시킵니다.,무기 회전 속도를 감소시키고 반동을 증가시킵니다.,,graphics/hullmods/damaged_weapon_mounts.png
저하된 생명유지장치,degraded_life_support,,,,"dmod, damage, notAuto",,,,TRUE,,0,0,0,0,com.fs.starfarer.api.impl.hullmods.DegradedLifeSupport,"최대 승무원 수용량을 %s, 최대 전투 준비도를 %s 감소시킵니다.",최대 승무원 수용량과 전투 준비 상태를 감소시킵니다.,,graphics/hullmods/degraded_life_support.png
저하된 방어막,degraded_shields,,,,"dmod, damage, reqShields",,,,TRUE,,0,0,0,0,com.fs.starfarer.api.impl.hullmods.DegradedShields,방어막이 받는 피해를 %s 증가시킵니다.,쉴드가 받는 피해를 증가시킵니다.,,graphics/hullmods/degraded_shields.png
,,,,,,,,,,,,,,,,,,,
파괴된 무기 마운트,destroyed_mounts,,,,dmod,,,,TRUE,,0,0,0,0,data.hullmods.DestroyedWeaponMounts,이 함선의 일부 원래 무기 마운트는 수리 불가능하게 손상되어 더 이상 사용할 수 없습니다.,,,graphics/hullmods/damaged_weapon_mounts.png
무모한 개조,ill_advised,,,,dmod,,,,TRUE,,0,0,0,0,data.hullmods.IllAdvised,"이 선체의 시스템은 공인된 엔지니어링 감독 없이 설계 사양에서 크게 벗어나 개조되었습니다. 일상적인 조건에서는 정상 작동하는 것처럼 보이지만, 부하가 걸릴 경우 치명적 오작동 가능성이 상당합니다.",,,graphics/hullmods/illadvised.png
